,ZIP,year,lesshigh,high_school,Somecollege,Bachelor_degree,olderthan250lessthan9,olderthan2509to12,olderthan250highschool,olderthan250somecollege0nodegree,olderthan250associate_degree,olderthan250bachelor_degree,olderthan250graduate_degree,poverty,population,female,male
0,15226,2017,13.8,28.1,46.8,11.3,1.9,5.6,34.5,16.9,10.1,20.3,10.7,9.8,13632,6885,6747
1,15232,2017,0.4,7.4,28.3,63.9,1.1,1.2,6.7,5.4,2.1,37,46.5,19.8,11252,6063,5189
2,15233,2017,6.7,55.9,31.6,5.8,4.3,8.8,35.2,22.7,7.6,15.2,6.1,15.8,4537,1250,3287
3,15236,2017,7.1,35,40.1,17.7,2.4,2.2,31.4,18.1,11.6,21.1,13.2,6.4,29236,15670,13566
4,15321,2017,11.1,35.4,32.6,20.8,0,5.9,31.9,21,9.7,21.2,10.3,4.3,1451,725,726
5,15290,2017,0,0,0,0,0,0,0,0,0,0,0,0,0,0,0
6,15275,2017,0,0,0,0,0,0,0,0,0,0,0,0,0,0,0
7,15261,2017,0,0,0,0,0,0,0,0,0,0,0,0,0,0,0
8,15243,2017,8.2,29.1,28.4,34.3,1.4,2,18.5,11.2,6.7,31.9,28.4,3.8,13320,7197,6123
9,15241,2017,14.5,31.4,33.9,20.3,0.8,1,11.7,11.3,6.3,36.2,32.7,2.8,20712,10410,10302
10,15239,2017,12,31.8,37.3,18.9,1.2,3.5,31.9,19.2,12.1,22,10.1,5,20860,10668,10192
11,15017,2017,5.6,41.8,39.8,12.7,1.9,3.6,29.8,15.7,7.6,26.8,14.5,6.5,16883,9051,7832
12,15057,2017,8.6,44.4,34.7,12.3,2,5.1,32.1,13.2,9.3,25.5,12.7,5,15470,7731,7739
13,15120,2017,4.7,40.9,38.1,16.3,1.3,4.7,37.1,19.9,12.6,16.2,8.2,15.2,18372,9449,8923
14,15234,2017,2.6,39.6,33.6,24.3,2,3.8,32.4,17.3,10.4,24.1,9.9,10.1,13660,6800,6860
15,15225,2017,15.4,33.3,28.2,23.1,1.4,8.5,38.4,13.3,18.5,15,4.9,13.4,1096,522,574
16,15224,2017,4.6,28.3,31.2,35.9,2.1,4.6,27,15.9,6.9,25,18.6,22.4,10723,5725,4998
17,15222,2017,0.8,29.2,59.1,10.9,0.2,0.4,8,10.5,5.5,32.6,42.7,12.3,4700,2422,2278
18,15219,2017,6.2,23.8,61.6,8.4,2.9,11.5,34.5,21.3,8.4,11.2,10.3,36.5,16514,8396,8118
19,15218,2017,18,32.2,23.5,26.3,1.7,2.9,23.3,14.2,8.9,22.8,26.1,12.1,13623,7323,6300
20,15214,2017,15,29.5,42,13.4,1.7,6.8,34.5,17.2,10.5,18.4,10.9,22,13855,7049,6806
21,15213,2017,0.6,18.8,68,12.5,2.8,3.6,14.7,12.5,5,27.4,34.1,54.4,28265,15042,13223
22,15212,2017,12.9,37.7,34.6,14.8,3,6.2,31.8,16.6,9.2,19.9,13.3,20.6,26634,13496,13138
23,15211,2017,4.2,14.5,41.5,39.8,1.5,4.8,27.2,17,8.5,26.9,14.1,16,10804,5224,5580
24,15210,2017,19.2,41,32.3,7.4,3.4,8.6,40.9,19.7,11.1,10.7,5.7,22.1,26169,13273,12896
25,15209,2017,11.6,40,33.6,14.8,0.9,5.3,34.7,19.2,11.7,16.6,11.6,11.9,12225,5872,6353
26,15208,2017,15.7,27.6,41.6,15.1,2.4,6.7,23.8,16.6,8.3,18.4,23.8,30.3,10287,5770,4517
27,15207,2017,24,17.2,37.3,21.5,1.3,6.5,36.7,17.3,9.4,17.3,11.4,18.8,12075,6207,5868
28,15206,2017,8.3,15,35.1,41.7,2.1,4.3,22.3,15,7.5,22.2,26.6,18.4,29557,15764,13793
29,15203,2017,0.4,6.5,43.1,50,1.3,3.6,22.7,10.7,6.3,31.5,23.9,22.6,10171,4579,5592
30,15201,2017,2.5,31.1,26.5,39.9,1.5,5,21.3,14.6,6.8,30.9,19.9,13.3,12791,6451,6340
31,15148,2017,19.4,37,38.9,4.6,3.8,5.9,45.3,23.8,10.1,7.5,3.6,28,2792,1469,1323
32,15147,2017,14.3,40.8,33.9,11,2,4.7,34.2,17.9,10.8,18.8,11.7,12.2,17057,8681,8376
33,15146,2017,8.5,36.2,34.2,21.1,1.5,2.8,27.2,17.7,10.9,24.5,15.4,8.4,28042,14788,13254
34,15144,2017,1,43.4,40.7,14.8,0.7,4.4,41,19,13.2,13.3,8.5,9,4124,2183,1941
35,15140,2017,18.5,33.5,30.2,17.8,1,10.2,40,21.6,11.4,10.1,5.7,21.6,3260,1735,1525
36,15137,2017,32.6,19.9,46.1,1.5,0.5,6.2,42.9,17.7,13.2,15,4.4,13.5,9965,5157,4808
37,15135,2017,15.4,29.5,40.2,14.9,0,2.3,38.1,18.1,15.9,14.1,11.5,14.8,5206,2970,2236
38,15133,2017,15.5,42,37.9,4.6,1.5,4.7,43.5,23.7,12,11.3,3.2,8.9,6349,3373,2976
39,15132,2017,16.2,42.7,36.1,5,3.3,9.3,45.5,20.1,9.8,8.3,3.8,31.2,21571,11668,9903
40,15131,2017,11.1,36.1,40.4,12.5,1.1,4.1,37.1,19.1,11.6,18.6,8.4,5.9,8154,4263,3891
41,15129,2017,8.6,47.7,26.9,16.8,0.6,2.1,28.4,15.3,16.1,23.3,14.2,5.2,10539,5347,5192
42,15112,2017,19.2,35.7,40.1,4.9,1.6,5.1,41.9,20.8,9.1,16,5.4,26,2921,1672,1249
43,15110,2017,18,46.7,33.7,1.6,3.7,8.8,44.7,20.2,9.5,8.8,4.3,36.3,5544,3046,2498
44,15106,2017,10.4,35.6,42.1,11.9,1,4.1,34.4,18.6,10.8,21.9,9.3,13.6,19454,9941,9513
45,15090,2017,22.3,28.8,27.8,21,0.9,0.5,11.7,11,6.7,35.6,33.6,3.5,23960,11975,11985
46,15085,2017,0.4,47.6,33.5,18.5,0.7,3.7,38,15.4,10.6,20.4,11.2,7.7,7756,4080,3676
47,15082,2017,0,0,0,0,0,0,37.8,39,0,0,23.2,0,118,69,49
48,15056,2017,40,41.8,18.2,0,1.9,10.6,29.6,21.1,5.8,20,11,26.3,1184,624,560
49,15049,2017,5.2,62.1,27.6,5.2,2.9,3.4,41.2,23.4,10.8,14,4.3,18.7,834,436,398
50,15047,2017,0,0,0,0,0,0,0,26.6,45.3,28.1,0,0,80,45,35
51,15046,2017,21,31.5,38.3,9.3,1,4.9,33.7,19.2,12,18.9,10.3,6.7,2606,1355,1251
52,15045,2017,14.7,41.1,34.8,9.4,3.1,8.7,45.4,19.5,9.6,11.2,2.6,17.2,4435,2256,2179
53,15035,2017,15.6,32.6,34,17.7,2.4,3.4,44.8,21,13.5,8.5,6.4,10.2,2073,1044,1029
54,15030,2017,13.3,51.7,21.7,13.3,2.4,8,34.9,23.5,12.2,14.3,4.6,14.5,1063,479,584
55,15034,2017,15.7,45.7,34.6,3.9,1.4,3.4,43.1,19.5,9.1,18.8,4.6,12.9,1763,982,781
56,15026,2017,51.4,11.9,24.5,12.2,0.6,4.6,41.3,20.6,15.8,10.6,6.5,10.7,3661,1665,1996
57,15025,2017,16.6,25.8,47.1,10.5,2,2.7,34.5,16.7,10.7,22.1,11.3,13.4,16133,8433,7700
58,15024,2017,17,32.1,40.5,10.4,1.4,3.9,33,19.4,12.7,20.5,9.1,7.6,8715,4345,4370
59,15020,2017,0,100,0,0,3.1,0,40.1,5.7,23.4,21.9,5.7,0,236,101,135
60,15018,2017,0,0,0,0,0,4.2,65.4,12.2,6.9,3.9,7.4,19.7,892,411,481
61,15015,2017,35.2,16.7,44.4,3.7,0,1.3,11.4,13.2,8,39.5,26.6,2.7,1154,542,612
62,15014,2017,16.9,43.9,29.6,9.6,1.4,3.8,44.1,19.4,13.4,10.3,7.5,15.4,3154,1632,1522
63,15007,2017,0,0,100,0,0,0,64.1,14,3.6,18.2,0,1.5,343,170,173
64,15003,2017,11,43.8,38.2,7,2.4,4.4,41.5,21.5,8.2,15.5,6.4,12.2,11306,5835,5471
65,15229,2017,12.5,31.4,34.7,21.5,1.3,4,30.4,13.6,12.7,25,13.1,5.3,13599,6955,6644
66,15227,2017,14.6,33.2,35.5,16.7,4.3,6,33.7,17.5,12.2,18.3,8,13,28710,14655,14055
67,15223,2017,8.9,47,23.2,20.9,1.1,5.6,36,18,16.2,15.7,7.5,9.8,6562,3355,3207
68,15238,2017,19.9,21,32.5,26.6,1.3,2.2,13.8,12.5,5.9,24.9,39.4,4.5,13042,6735,6307
69,15051,2017,0,100,0,0,2.1,11.5,34.4,9.4,6.9,22.4,13.3,2.9,409,217,192
70,15101,2017,7.3,14.3,45.3,33.1,1.5,2.4,22.3,13.1,8.1,30.5,22.1,4.5,24570,12301,12269
71,15044,2017,20.6,28.9,32.6,17.9,1.1,1.8,22.9,11.5,9.3,31.4,22,4.9,28131,14455,13676
72,15006,2017,0,100,0,0,0,0,46.7,4.7,22.6,19.2,6.8,0,508,232,276
73,15084,2017,12.1,46.3,23.3,18.3,0.9,5.9,46.7,16.4,11.4,14.8,3.9,13.8,9887,5124,4763
74,15089,2017,10.7,47.4,27.8,14.1,1.3,4.5,44.4,18.4,10.6,14.3,6.5,10.3,6709,3572,3137
75,15126,2017,21.9,23.5,42.5,12.2,0.9,5.7,25.3,17.1,12.1,26.2,12.7,7,7433,3847,3586
76,16059,2017,20.4,34,42.3,3.3,0.6,1.9,30.4,17.4,7.5,25.9,16.2,2.5,7797,3896,3901
77,16056,2017,11,46.6,27.2,15.2,2,3.6,40,16.5,11.9,16.8,9.2,5,4254,2332,1922
78,16055,2017,9.7,22,56.3,12,0.6,2.6,37.5,17.7,9.7,19.7,12.1,3.9,8249,4168,4081
79,15668,2017,14.4,14.7,41.7,29.2,0.1,2.1,20.4,14.9,8.6,28,26,2.6,12846,6763,6083
80,15642,2017,9.2,28.8,42.6,19.3,0.7,3.1,31.6,16.9,12.3,24.1,11.2,4.8,43785,22443,21342
81,15332,2017,16,42.4,34,7.6,0.9,4.2,44.2,15.1,11.2,17.2,7.1,8.6,8302,4077,4225
82,15142,2017,0,100,0,0,0,0.7,13.6,1.2,6.1,48.5,29.9,3.4,1125,588,537
83,15217,2017,2.5,16.8,41.1,39.6,1.1,2.2,12.1,8.4,4,29.8,42.3,13.2,28049,14181,13868
84,15071,2017,11,25.1,39.8,24.1,0.7,3.3,28.7,18,10.9,25.4,13,6.6,10589,5451,5138
85,15108,2017,6.6,19.2,55.8,18.5,2.8,3.6,24.2,15.2,9.2,29.3,15.6,7.9,42278,21397,20881
86,15086,2017,0,0,100,0,0,0,26.5,14.3,29.6,14.3,15.2,0,285,85,200
87,15005,2017,18.7,41.8,26.7,12.7,0.3,4.2,39.7,16.8,7,20,11.9,7.3,9550,4969,4581
88,15104,2017,14.1,41.2,39.9,4.8,4.4,7.7,46,18.7,12.3,7.2,3.7,32.6,8722,4677,4045
89,15221,2017,11.4,30.1,39.9,18.6,1.5,4.3,28.1,18.2,9.8,22.4,15.7,19.8,30666,17157,13509
90,15145,2017,5.2,31.6,40.2,23.1,0.7,3.4,40,23.6,10.2,10.7,11.4,15.7,7216,4112,3104
91,15028,2017,23.5,5.9,70.6,0,4.7,3.7,49.5,24.3,5.6,6.5,5.6,7,158,74,84
92,15139,2017,3.4,45.9,16.8,34,1.9,4,21.8,14.5,7.2,28.1,22.5,6.5,6440,3579,2861
93,15215,2017,23,31.7,28,17.3,1.9,4.3,22.8,13.5,8,25.7,23.8,8.3,12424,6225,6199
94,16046,2017,9.9,24.4,39.5,26.2,0.4,1.4,16.2,10.4,6.7,38.5,26.5,1.8,15922,7786,8136
95,15143,2017,22.1,18.2,26.9,32.8,1.5,1.7,17.1,12.5,5.6,32.3,29.4,4.6,20556,10542,10014
96,15205,2017,9.8,20.2,39.1,30.9,2.6,4.2,30.1,16.5,10.2,26.1,10.2,12.8,22408,11660,10748
97,15220,2017,8.7,24.1,40.9,26.3,1.7,4,24.6,12.5,9,28.2,19.9,10.1,17612,8915,8697
98,15031,2017,0,89.5,10.5,0,0,31.1,42.9,17.8,3.5,0,4.8,13.3,399,171,228
99,15102,2017,12.4,27.6,43,16.9,1.4,2.8,24.7,16,9,30.4,15.6,5.3,29706,15420,14286
100,15228,2017,10.5,25.6,46.5,17.4,0.6,1,9.8,10.5,6.1,35.9,36.1,5.5,17858,9154,8704
101,15216,2017,7.4,23.3,42.7,26.5,2.5,3.7,23.9,16.4,9.3,28.5,15.7,9.9,22728,11470,11258
102,15136,2017,14.1,32.7,40.9,12.3,2.3,7.3,39,15.7,8.9,18.2,8.5,16.4,22350,11502,10848
103,15204,2017,25.8,24.3,29.3,20.6,2.4,6.5,36.5,21,11.4,14.7,7.6,25.4,8052,4093,3959
104,15122,2017,15.3,34.5,33.5,16.6,1.6,3.9,40.1,20.8,12.3,15.2,6,15.2,19850,10646,9204
105,15235,2017,10.9,28.5,47.2,13.4,1.3,3.2,27.5,22.6,10.5,20.4,14.5,9,34769,18821,15948
106,15237,2017,8.1,23.7,42.3,26,1.8,2.5,19.2,14.7,8,30.7,23,3.8,42391,22080,20311
107,15202,2017,15.7,26.7,39,18.6,1,4.4,26.9,17.7,11,25.9,13,9.7,19536,10223,9313
108,15116,2017,5.7,34.1,40.5,19.7,0.9,3.4,28.5,16.5,9.1,24.6,17.1,2.9,14747,7645,7102
109,15037,2017,8.8,31.8,42.8,16.6,1.6,4,38.6,19.9,13.1,17.2,5.8,6.9,10685,5632,5053
110,15088,2017,50,15,25,10,0.6,9,44.2,22.4,14.6,7.5,1.6,19.5,513,259,254
111,15083,2017,4.8,19.4,71,4.8,3.7,7.7,48.2,24.5,6.3,8.1,1.6,18.5,798,391,407
112,15276,2017,0,0,0,0,0,0,0,0,0,0,0,0,0,0,0
113,15282,2017,0,0,0,0,0,0,0,0,0,0,0,0,0,0,0
114,16229,2017,15.9,30.3,44.1,9.8,1,4.2,38.9,19,15.7,14.7,6.5,10,5118,2502,2616
115,15076,2017,0,45,55,0,1.6,8.7,41.1,21.7,14.2,12.8,0,7.5,840,415,425
116,15075,2017,0,0,0,0,0,0,73.6,0,0,26.4,0,41.3,179,108,71
117,15068,2017,19.7,32.4,35,13,2.5,5.5,39,16.7,10.8,16.5,8.9,15.6,38205,19893,18312
118,15065,2017,21.1,42.6,26.5,9.9,1.4,4.2,42.2,15.6,12.8,16.8,7,10.3,11604,6094,5510
119,15064,2017,0,0,0,0,3.5,0,44.2,19.9,13.3,10.2,8.8,9.8,277,141,136
120,15063,2017,4.9,47.3,35.2,12.6,2,5.8,39.3,15.6,12,15.5,9.8,7.3,11247,5501,5746
0,15226,2016,10.2,29.4,49.6,10.8,2.1,6.2,33.9,17.1,10.2,19.9,10.5,9.8,13618,6903,6715
1,15232,2016,0.4,5.5,26.6,67.5,1.1,1.3,7.5,5.7,2.6,36.7,45.2,5.8,11691,6166,5525
2,15233,2016,9.4,53.7,26.6,10.3,4.4,8.1,40.8,20.6,7.2,13.4,5.5,24.2,4406,1267,3139
3,15236,2016,6.1,30.4,48.7,14.7,1.9,2.4,33.6,17.4,11,21.2,12.5,4.1,29493,15611,13882
4,15321,2016,9.7,35.1,47.4,7.8,0,3.5,33.9,20.9,8.1,19.2,14.3,3.6,1484,762,722
5,15290,2016,0,0,0,0,0,0,0,0,0,0,0,0,0,0,0
6,15275,2016,0,0,0,0,0,0,0,0,0,0,0,0,0,0,0
7,15261,2016,0,0,0,0,0,0,0,0,0,0,0,0,0,0,0
8,15243,2016,7.9,26.2,27.2,38.7,1.2,2.3,19.5,11.7,6.7,32,26.5,3.1,13224,7178,6046
9,15241,2016,17.7,28.1,30.1,24.1,0.8,0.8,12.5,11.5,6.6,35.7,32.2,1.8,20523,10374,10149
10,15239,2016,7.4,32.4,42.3,17.9,1.2,3.6,31.2,17.6,12.5,22.7,11.2,3.8,21212,10959,10253
11,15017,2016,4,38.9,41.3,15.9,1.9,3.9,31.1,15.3,7.3,27.1,13.4,5.2,16495,8944,7551
12,15057,2016,10.2,36.6,42.5,10.6,2.1,5,35.1,12.6,10.1,23,12,3.1,15485,7812,7673
13,15120,2016,5.1,29.4,46.3,19.2,1.3,6.1,37.5,18.2,12.5,15.6,8.8,9.5,18492,9708,8784
14,15234,2016,6,36.6,37,20.4,2.4,3.5,33.4,18.1,8.9,23.9,9.7,8,13483,6741,6742
15,15225,2016,16.7,35.6,34.4,13.3,2.8,7.1,43.7,14.1,16,12.1,4.3,8.4,1145,543,602
16,15224,2016,6.6,30.6,31.5,31.4,2.2,4.1,28.2,15.8,6.9,24.7,18,18.6,10791,5658,5133
17,15222,2016,1.6,28.4,61.9,8.1,0.4,1,9.8,12.2,6.1,27.6,43,6.7,4196,2192,2004
18,15219,2016,7.1,19.7,65.4,7.8,3.6,10.5,36.8,22.6,8.4,9.8,8.4,33.8,16010,8311,7699
19,15218,2016,16.3,20.3,28.1,35.3,1.4,2.5,24.1,14.6,9.7,22.1,25.6,9.1,13757,7343,6414
20,15214,2016,11.7,31.3,40.6,16.4,1.3,7.3,36.5,17.4,9.7,17.1,10.5,18,14007,7162,6845
21,15213,2016,0.6,17.3,69.3,12.8,3.1,3.9,14.2,12.4,4.3,27.7,34.5,17.7,27708,14459,13249
22,15212,2016,13.1,40.9,32.5,13.6,3.3,7.2,33.5,16.6,8.4,19.3,11.8,17.2,26331,13172,13159
23,15211,2016,5.7,14.7,37.2,42.4,1.2,4.3,26.8,16.5,9.5,27.6,14.1,12.9,10984,5295,5689
24,15210,2016,23.4,36.1,33.7,6.9,3.4,8.6,42.6,19,10.4,10.8,5.3,18.9,26716,13773,12943
25,15209,2016,4.8,43.6,39.7,11.9,1.1,5.7,34.7,20.5,10.8,17,10.3,8.1,12382,6032,6350
26,15208,2016,12.2,35,36.6,16.2,1.8,7.3,21.1,17.7,8.8,19,24.4,24.9,10304,5801,4503
27,15207,2016,20.7,22.9,35.2,21.2,1,6.4,38.9,18.4,10.1,16.4,8.8,17.7,12583,6453,6130
28,15206,2016,7.7,18.5,36.3,37.5,2.1,5.1,24.1,15.3,7,21.7,24.8,17.2,28954,15338,13616
29,15203,2016,0.7,8.1,44.4,46.7,1.1,4.3,24,11.8,6.3,28.9,23.6,6.6,10015,4406,5609
30,15201,2016,7.9,29.9,24.1,38.1,1.7,5.7,22,17.1,6.8,28,18.7,10,12805,6500,6305
31,15148,2016,24,33.2,41.5,1.3,3.7,6,46.9,22.5,10.1,8.2,2.6,17.6,2651,1502,1149
32,15147,2016,12.7,32.4,41.2,13.7,2.9,5.6,32.8,18.3,11.5,18.5,10.4,10.2,17586,9236,8350
33,15146,2016,9.7,31.4,35.4,23.6,2,2.9,27.6,18.1,10.7,23.8,14.9,4.9,28238,14597,13641
34,15144,2016,2.8,44,43.4,9.7,0.7,5.2,43.3,18.8,11.6,13.5,6.9,7.8,4124,2256,1868
35,15140,2016,22.7,37.3,23,17,1,8,39.6,22.6,10.3,12,6.5,17.4,3259,1774,1485
36,15137,2016,38.9,32,24.7,4.4,0.7,5.5,47.3,16.6,12.7,11.1,6.1,16.2,9987,5190,4797
37,15135,2016,12.7,29.2,34,24.1,0,3.7,40.2,19.1,14.5,13.7,8.8,7.7,5229,2968,2261
38,15133,2016,15.3,40.2,38.9,5.5,1.5,5.5,41.6,25.6,11.8,10.2,3.7,7.2,6314,3338,2976
39,15132,2016,15.4,33.6,46.7,4.3,3.4,9.7,45.7,19,9.7,8.2,4.2,27.3,21577,11657,9920
40,15131,2016,8.5,32.3,42.3,16.9,1,4.1,39.3,18.2,10.7,18.5,8.3,0.9,8265,4456,3809
41,15129,2016,6,42.2,27.5,24.3,0.8,1.9,29.2,15.9,15.3,23.6,13.4,5.3,10595,5389,5206
42,15112,2016,30.5,36.2,31,2.3,2.1,6,41.7,17.6,11.2,16.2,5.2,18.4,3168,1688,1480
43,15110,2016,23.6,36.4,37.7,2.3,3.6,7.1,48.6,20.1,7.9,7.7,4.9,37.4,5534,2927,2607
44,15106,2016,14.6,32.3,43.6,9.6,1,3.8,36.7,18.2,10.3,20.8,9.3,12.2,19299,9701,9598
45,15090,2016,19.5,29.8,31.8,18.9,0.5,0.7,11.1,10.6,7.8,37.6,31.7,2,23811,11644,12167
46,15085,2016,1.2,47.9,34.1,16.8,0.6,3.6,37.7,15.2,10.3,21,11.7,5.1,7738,4007,3731
47,15082,2016,0,0,0,0,0,0,57.5,26.5,0,0,15.9,0,149,84,65
48,15056,2016,35.1,42.1,15.8,7,1.2,8.3,28.1,21.8,7.9,22,10.8,12.8,1214,633,581
49,15049,2016,5.1,62.7,28.8,3.4,3.7,5.1,40,21.5,10.7,15.2,3.9,13.5,859,479,380
50,15047,2016,0,0,0,0,0,0,0,26.2,44.6,29.2,0,0,82,47,35
51,15046,2016,23,27.6,45.4,4.1,1.1,5.1,33.6,18.3,11.6,20.2,10.1,3.5,2607,1364,1243
52,15045,2016,31.7,26.6,33.7,7.9,3.9,6.4,43.4,20.8,10.1,12.4,2.8,11.1,4444,2293,2151
53,15035,2016,11,37.4,38,13.5,2.2,2.4,44.4,22.7,14,7.9,6.5,8.7,2111,1087,1024
54,15030,2016,25,47.9,18.8,8.3,2.7,6.3,35.7,21.1,12.4,16.9,5,10.5,1024,426,598
55,15034,2016,10.3,45.4,37.1,7.2,1.8,3.7,46.1,21.4,8.3,15.4,3.4,13.1,1741,933,808
56,15026,2016,44.8,22,23.8,9.4,1,5.1,40.6,22.6,17.1,9,4.6,4.3,3452,1536,1916
57,15025,2016,19.2,26.7,46.7,7.4,1.9,3.3,34.7,16.2,11.6,20.9,11.2,8.2,16379,8498,7881
58,15024,2016,14.8,29,40.9,15.3,1.7,4.7,32.7,18.8,13.2,19.4,9.4,4.1,8628,4389,4239
59,15020,2016,0,100,0,0,2.3,0,50.9,5,21.8,15,5,0,267,115,152
60,15018,2016,0,0,0,0,0,5.2,65.1,7.8,6.5,5.4,10.1,5.1,813,372,441
61,15015,2016,35.9,43.6,15.4,5.1,0,2.3,10.1,11.3,8.2,42.4,25.8,0,1230,563,667
62,15014,2016,19,52.3,18.7,10,1.2,6.4,41.6,22,10.6,9.8,8.3,9.2,3155,1590,1565
63,15007,2016,0,0,100,0,0,0,49.6,0,5.5,42.4,2.5,0,252,89,163
64,15003,2016,7.7,52.9,31.5,7.9,2.6,6.3,39.8,21.1,10.2,14.3,5.7,10.4,11440,5939,5501
65,15229,2016,9.1,33.5,35,22.4,1.5,3.9,29.7,13.7,13.5,25.5,12.2,3,13883,7008,6875
66,15227,2016,13.8,33.4,39,13.8,3.8,5.7,34.1,16.9,12.9,18.6,8,9.7,28786,15003,13783
67,15223,2016,9.3,43.2,22.5,25.1,1.7,4.4,36,18.9,14,18.3,6.7,5.7,6837,3477,3360
68,15238,2016,19.6,19.8,32.5,28.1,1.7,2.2,15.5,12.2,6.3,24.4,37.7,4.5,13329,6970,6359
69,15051,2016,0,100,0,0,3.6,10.7,26.3,13.3,7.1,23.7,15.3,5.3,375,214,161
70,15101,2016,9.1,14.6,38.5,37.8,1.6,2.5,23,13.9,8.1,29.5,21.3,3.3,24506,12414,12092
71,15044,2016,21.9,28.5,29.4,20.2,1.2,1.9,22.3,12.1,9.3,31.4,21.8,2.7,28016,14388,13628
72,15006,2016,0,100,0,0,0,0,34.6,9.3,22.9,22.9,10.3,0,330,166,164
73,15084,2016,14.5,48.9,20.4,16.1,1.2,5.9,45.4,16.5,11.9,14.6,4.6,9,9798,4956,4842
74,15089,2016,4.3,44.2,40.9,10.6,1.4,5.7,41.7,20.2,11.1,13.6,6.3,9,6154,3359,2795
75,15126,2016,18,33.2,36.4,12.4,1.2,7.6,25.1,16.4,10.4,27.9,11.3,6.5,7392,3678,3714
76,16059,2016,15.3,28,45.6,11,0.7,2.5,33,17.9,6.2,23.9,15.8,1.3,7902,4041,3861
77,16056,2016,9.6,51.3,24.4,14.7,2.6,3.5,40.8,16.8,12.8,15.7,7.8,3,4465,2354,2111
78,16055,2016,17.4,21.5,47.7,13.4,1.3,2.6,41.8,18,8.9,17.5,10,2.5,8593,4382,4211
79,15668,2016,11.6,15.7,42.5,30.2,0.3,2.5,19.6,16.3,8.2,28.8,24.2,1.5,13267,6857,6410
80,15642,2016,8.2,34.1,38.2,19.5,0.7,3.4,32.6,17.1,11.9,23.1,11.1,2.9,44960,23317,21643
81,15332,2016,8.7,44.6,34.9,11.8,0.8,4.4,46.1,14.2,11.1,16.5,6.8,5.2,8051,3950,4101
82,15142,2016,0,29.5,37.2,33.3,0,1.4,18,6.6,5.6,41.9,26.6,8.1,1298,694,604
83,15217,2016,1.7,15.5,40.2,42.5,0.8,1.9,11.4,9.5,4.5,27.7,44.1,7.3,28105,14414,13691
84,15071,2016,15.1,27.7,38.8,18.3,0.8,4.4,28.2,17.6,11.8,25.4,11.8,4.5,10583,5430,5153
85,15108,2016,7.2,20.9,53.8,18.1,3,3.9,24.9,15,9.3,28.6,15.2,5.9,42037,21393,20644
86,15086,2016,0,0,100,0,0,0,31.9,17.8,10.3,21.6,18.3,0,318,76,242
87,15005,2016,18.5,40.8,28,12.7,1.1,4.7,36.9,18,7.3,20.7,11.3,3.9,9692,4932,4760
88,15104,2016,16,41.5,40.8,1.7,4.6,8.2,44.9,20.2,12,6.8,3.3,30.3,8839,4762,4077
89,15221,2016,17.1,27.7,40.4,14.9,1.9,5.1,28.2,19.1,9.2,21,15.6,16.5,31017,17225,13792
90,15145,2016,4.1,35.4,37.4,23.1,1,4.1,40.2,22,11.2,11.9,9.6,18.5,7150,3816,3334
91,15028,2016,17.6,11.8,70.6,0,1.7,7.7,51.3,21.4,3.4,5.1,9.4,4.1,166,77,89
92,15139,2016,2.3,43.8,22,31.9,1.7,4.1,22.8,15.7,7.4,26.2,22.1,5.1,6420,3569,2851
93,15215,2016,22,26.4,38.7,12.9,1.8,4.6,22.5,14.2,7.1,23.8,26,7.4,12389,6182,6207
94,16046,2016,10.7,27.9,40.6,20.7,0.3,2.1,17.4,10.5,6.8,38.6,24.3,1,15628,7745,7883
95,15143,2016,16.1,24.5,30.1,29.3,1.8,1.7,18.2,11.9,5.8,31.9,28.8,2.5,20057,10323,9734
96,15205,2016,6.1,22.3,42.2,29.5,2.6,3.8,31.8,17.9,9.4,25.3,9.3,9.7,22415,11534,10881
97,15220,2016,5.6,32.1,43.7,18.5,1.7,3.7,25.6,13.5,9.3,26.5,19.6,5.8,17805,9077,8728
98,15031,2016,37.2,51.2,11.6,0,2.1,20.4,38.5,26.3,2.1,0,10.6,0,588,199,389
99,15102,2016,15.9,25.9,42.8,15.4,1.4,2.9,25.6,15,9.1,30.3,15.6,3.7,29818,15611,14207
100,15228,2016,13.6,25.7,40.6,20.1,1.2,0.8,10.4,10.9,6.4,34.6,35.7,4.4,18135,9390,8745
101,15216,2016,11.2,28.3,36.9,23.7,2.3,3.6,24.1,17.7,9,27.5,15.8,6.3,22889,11601,11288
102,15136,2016,15.4,30.4,40.4,13.9,1.7,7.6,38.7,16.3,8.7,18.2,8.8,13.1,22119,11296,10823
103,15204,2016,19.9,39.6,29,11.4,2,7.4,37.9,19.6,12.2,13.6,7.2,22,8554,4441,4113
104,15122,2016,16,29.9,36.5,17.5,2,4.3,38.6,20.8,12.9,15.7,5.8,9.9,19909,10726,9183
105,15235,2016,12.2,31.3,43.8,12.7,1.4,3.5,27.6,23.3,10.6,20,13.6,8.4,34136,18552,15584
106,15237,2016,9.8,20.9,38.3,31,1.7,3,20.3,15.5,7.6,29.6,22.3,1.9,42651,22386,20265
107,15202,2016,16.2,24.1,43.9,15.8,1.1,4.5,27.3,18.5,11.3,24.3,13.1,7.4,19354,10377,8977
108,15116,2016,5.5,35.2,31.7,27.7,1,3.1,29.6,14.9,8.5,24.1,18.8,1.9,14426,7469,6957
109,15037,2016,9.6,29.7,42.8,17.8,1.8,3.8,37.3,21,13.5,16,6.7,5,10929,5587,5342
110,15088,2016,61.1,5.6,22.2,11.1,0.6,9.8,50.6,20.4,10.3,7.2,1.1,12.9,515,249,266
111,15083,2016,8.1,21,71,0,3.4,6.9,48,25.6,8.7,4.9,2.5,16.5,850,417,433
112,15276,2016,0,0,0,0,0,0,0,0,0,0,0,0,0,0,0
113,15282,2016,0,0,0,0,0,0,0,0,0,0,0,0,0,0,0
114,16229,2016,15.3,24.1,48.5,12,1.5,4.1,39.1,19.9,13.1,16.4,6,7.2,4995,2400,2595
115,15076,2016,0,15.5,84.5,0,3.2,22,25.8,18.7,15.4,13.2,1.8,0,884,445,439
116,15075,2016,0,0,0,0,0,0,66.5,11.6,0,22,0,39.2,228,123,105
117,15068,2016,17.9,30,36.2,15.9,2.6,6.2,38.4,16.6,11,16.8,8.5,11.3,38224,20070,18154
118,15065,2016,18,45.4,28.4,8.2,1.1,4.8,39.8,18.7,11.2,16.8,7.6,10.3,11674,6190,5484
119,15064,2016,0,0,0,0,5.1,0,55.4,6.2,23.1,5.1,5.1,30.8,252,152,100
120,15063,2016,9.7,35.3,44.1,10.9,2.2,5.9,41.5,15.6,11,14.4,9.5,6.5,11178,5722,5456
0,15226,2015,19.2,29.2,34.2,17.4,2.9,5.5,34.9,16.6,12.2,19.4,19.6,7.4,13651,6966,6685
1,15232,2015,12.4,47.3,18.4,21.9,2.7,11.7,41.8,19.7,7.6,10.4,8.4,3.2,11711,5981,5730
2,15233,2015,5.6,31.9,45.8,16.7,2.4,3.9,33.6,18.8,9.3,22.3,23.6,14.8,4505,1109,3396
3,15236,2015,13.8,15,40.5,30.7,1.4,2.7,21.5,15.7,7.3,29.6,33.3,5.6,29875,15972,13903
4,15321,2015,16.8,37.4,34.6,11.2,3.3,9.5,51.4,11.2,11.3,9.8,9.1,1.3,1557,845,712
5,15290,2015,11.4,38.5,42.1,8,3.3,7.8,40.7,15.3,9.9,15.6,16.3,0,0,0,0
6,15275,2015,0,0,0,0,0,0,0,0,0,0,0,0,0,0,0
7,15261,2015,0,0,0,0,0,0,0,0,0,0,0,0,0,0,0
8,15243,2015,0,0,0,0,0,0,0,0,0,0,0,3.1,13471,7296,6175
9,15241,2015,12.4,21.8,32.5,33.3,1.4,2.6,19.3,12.5,6.7,30.9,32.3,1.8,20481,10344,10137
10,15239,2015,12.4,28.4,33.8,25.5,0.6,0.6,12.5,12.7,5.8,34.8,36.7,3.3,21564,11139,10425
11,15017,2015,0,100,0,0,0,3,68.7,11.9,8.8,7.6,10.1,4.3,16269,8770,7499
12,15057,2015,36.5,13,36.5,13.9,4.9,12.5,37,23,11.3,7.9,8.3,2.9,15085,7597,7488
13,15120,2015,21.3,30.4,34.2,14.1,2.5,4.8,39.7,21.4,11.9,15.1,16.4,8.1,18627,9801,8826
14,15234,2015,14,32.6,41,12.5,1.9,3.5,27.5,23.3,11,19.5,20.3,8,14007,7072,6935
15,15225,2015,8.5,32.5,51,8,2.3,6.7,34.6,17.8,11.2,18.7,18.5,13,1097,538,559
16,15224,2015,22.5,26.8,35.2,15.5,3.1,7.8,47.6,10.8,15,10.3,11.2,19.4,10672,5640,5032
17,15222,2015,12.4,24.6,39,23.9,2.6,5.2,35.6,20.2,13.9,16.3,14.8,3.4,3954,1844,2110
18,15219,2015,6.7,30,44.1,19.3,1.3,4.5,25.6,14.6,8.5,26.9,27.3,37.1,15731,7978,7753
19,15218,2015,8.6,18.5,64.2,8.7,3.1,11.8,39.1,23,7.5,8.5,8,11.3,13860,7394,6466
20,15214,2015,17.4,24.7,44,13.9,1.7,5.4,23.8,13.5,7.1,24.5,23.1,20.4,14451,7343,7108
21,15213,2015,13.4,31.1,40.3,15.1,1.4,8.2,37.1,17.6,8.7,17,16.5,18.6,27656,14377,13279
22,15212,2015,0.9,15.4,70.9,12.8,3.4,4.5,15.6,14.6,3,23.7,26.1,18.8,27078,13650,13428
23,15211,2015,12.8,44.2,31,12.1,2.9,7.7,34.7,16.6,9.3,18.3,20.6,10.5,11036,5426,5610
24,15210,2015,6.9,24.9,32.8,35.4,1.1,5.4,28.8,15.7,10.1,23.9,25.2,21.1,27007,14107,12900
25,15209,2015,26,32.2,35.8,6,3.8,9.4,43.2,19.6,9.7,9.8,11.2,8.1,12694,6517,6177
26,15208,2015,8.5,35.3,37.7,18.5,0.8,6.1,35.6,20.2,9.7,17.6,15.6,24.4,9852,5653,4199
27,15207,2015,12.1,42.9,35,10,1.5,7.3,24.5,15.8,8.9,18.1,23.4,18.1,11969,6329,5640
28,15206,2015,17.1,24.5,39,19.3,1.6,8.9,37.9,17.8,11.4,13.8,15.6,18.3,29131,15464,13667
29,15203,2015,16,35.6,31.4,17,1.8,8.3,37.5,20,11.6,13.4,14.5,7.4,9570,4422,5148
30,15201,2015,14,26.1,45.7,14.2,1.1,4.8,30.1,18.4,10.6,22.5,24.1,13.6,13349,6833,6516
31,15148,2015,7.6,30,27.9,34.5,2.1,7,25.4,17.2,7.2,25.7,30.4,22.5,2557,1440,1117
32,15147,2015,18.2,24.9,54.7,2.2,5.4,8,47.1,19.5,9.2,8.1,9.1,8.6,17723,9466,8257
33,15146,2015,12.5,34.6,38,14.9,3,5.6,34.1,17.2,12.2,17.4,17.3,5.4,28508,14694,13814
34,15144,2015,14.7,24,55.1,6.3,1.8,3.6,42.1,21.1,11.4,11.9,12.4,8.9,4165,2203,1962
35,15140,2015,0,16.5,60,23.5,0,1.3,17.1,14.4,4.3,37.4,43.2,13.7,3270,1775,1495
36,15137,2015,0,33.1,27.6,39.2,2.2,3.9,23.5,15.7,8.2,25.9,27.9,17.6,10030,5167,4863
37,15135,2015,14.6,34.4,38.5,12.5,1.9,7.8,39.8,16.3,8.6,17.5,19.6,8.6,5338,2908,2430
38,15133,2015,13.2,30.7,27.3,28.8,0,2.8,41.2,18.3,14.6,14.3,16.3,6.7,6337,3291,3046
39,15132,2015,12.8,49.8,31.4,6.1,1,5.9,42.6,24.9,11.5,10.3,11.4,27.6,21627,11508,10119
40,15131,2015,19.1,35.7,42.3,2.9,3.1,10.8,45.7,18.9,9,8.1,8.7,0.3,8388,4490,3898
41,15129,2015,5.7,29.2,49.8,15.3,1.7,5.4,40.5,19.1,9.5,16.1,19.3,5.5,10721,5470,5251
42,15112,2015,7.6,34.4,31.2,26.8,1,3.7,31.9,13.3,8.6,24,26.4,18.4,3358,1796,1562
43,15110,2015,28.3,28.7,40.9,2.2,2.2,5.4,41.7,19.3,11.9,14.1,17.8,36.8,5556,3056,2500
44,15106,2015,10.5,19.3,51,19.1,2.8,3.4,24.9,16.1,10,28,31.5,12.2,19305,9610,9695
45,15090,2015,10.9,19.1,33.8,36.3,1.5,2.3,23.2,14.5,9,27.8,30.5,1.5,23103,11264,11839
46,15085,2015,0,0,100,0,0,0,26.5,26.1,7.2,20.9,8.1,5.4,7824,4088,3736
47,15082,2015,4.2,27.8,68.1,0,3.9,8.6,48.9,21.1,5.7,6.3,7.8,0,131,86,45
48,15056,2015,10.7,31.1,46.6,11.6,1.6,4.5,36.8,13,10.3,22.3,22.4,8.5,1201,634,567
49,15049,2015,14.4,32.5,32.5,20.6,2.6,4.3,41.7,18.4,20.8,8.5,8.7,7.7,847,473,374
50,15047,2015,9.1,47.7,38.6,4.5,3,8.7,38.7,17.2,12.9,15.9,19.5,0,69,47,22
51,15046,2015,0,0,0,0,0,0,0,27.8,57.4,14.8,36.4,4.5,2636,1360,1276
52,15045,2015,20.5,27,46,6.5,1.6,5.6,36.6,17.2,12.4,18.3,19.9,10.6,4454,2287,2167
53,15035,2015,10.3,26,46.4,17.4,1.6,3.8,40.2,18.8,12.1,15.9,17.4,11.7,2140,1114,1026
54,15030,2015,35.4,54.2,10.4,0,1.9,13.4,32.3,27.8,6.3,9.7,16.1,14.6,1069,450,619
55,15034,2015,12.2,36.6,39,12.2,1.6,5.2,45.6,21.1,12,9.6,12.4,11,1864,1021,843
56,15026,2015,0,23.3,66,10.7,2,6.9,43.4,19.7,10.3,10.9,9.1,2.3,3384,1475,1909
57,15025,2015,39.3,26.4,27.7,6.6,1.2,4.9,38.1,21.1,16.6,12.3,11.1,7.7,16426,8540,7886
58,15024,2015,22.3,29.4,39.2,9,1.8,4.1,35.7,16.5,12,19.4,21.9,4.5,8799,4530,4269
59,15020,2015,7.1,48.9,32.2,11.8,2.8,10.2,46.1,15.4,8.6,13,12.8,12,276,130,146
60,15018,2015,28.7,21.7,40.6,9.1,0.4,6.8,54.1,14.6,10.3,8.2,9.1,9.3,701,334,367
61,15015,2015,4,44.7,36.6,14.7,2.5,3.7,30.6,14.2,7.1,26.7,25.2,0.8,1202,547,655
62,15014,2015,24.3,40.5,21.6,13.5,0,2.1,9.5,12.2,7.8,39.2,37.3,7.6,3188,1653,1535
63,15007,2015,16.3,23.7,42.4,17.7,2.6,3.9,30.3,18,10.8,22.5,24.6,0,256,112,144
64,15003,2015,0,0,0,0,0,0,50.2,24.7,10.3,14.8,5.1,11.3,11504,6163,5341
65,15229,2015,0.4,5.7,27.2,66.8,1.1,1.3,7.5,6.6,2.5,35.4,36.3,3.8,14115,7008,7107
66,15227,2015,12.7,20.9,39.7,26.8,1,1,11.9,13.2,6.7,32.6,30.8,7,28375,14914,13461
67,15223,2015,7.4,34.1,28.7,29.8,2.3,4.6,29.9,17.3,6.7,20.9,24.7,5,6829,3417,3412
68,15238,2015,6.9,31,45.2,16.9,1.7,3.8,30.4,17.1,12.9,22.1,23.3,4.7,12943,6920,6023
69,15051,2015,2,13.8,71.1,13,1.5,5.3,47.5,16.3,14.6,11.2,8.7,6.2,334,202,132
70,15101,2015,16.4,21.9,42.2,19.4,1.5,2.6,26.5,13.9,8.4,31.3,36.1,3.3,25015,12711,12304
71,15044,2015,30.6,23.6,39.9,6,5.1,7,45,17.5,10.8,11.7,12.4,2.4,27109,14118,12991
72,15006,2015,0,0,0,0,0,0,50.6,5.6,5.2,35.5,14.4,0,464,235,229
73,15084,2015,1,50.1,36,12.9,0.7,3.8,36.7,15.7,11.4,20.8,20.7,9.4,9693,4841,4852
74,15089,2015,18.2,28.3,39,14.5,0.3,0.7,11.5,11.5,7.5,37.1,40.7,6.8,6042,3204,2838
75,15126,2015,9.3,34.2,33.3,23.2,0.9,2.6,27.7,14.6,16,25.5,28.9,7.9,6847,3481,3366
76,16059,2015,11.1,32.5,41.3,15.1,1.6,4.8,46.2,18.6,11.6,12.7,11.7,2.6,7775,3974,3801
77,16056,2015,1.2,19,74.7,5.1,3,6.4,36.4,16.9,8.5,16,15.2,6.3,4609,2446,2163
78,16055,2015,12.7,48.2,26.1,13.1,2.1,4.5,46,14,12.8,14.2,14.3,3.4,8368,4251,4117
79,15668,2015,21.7,12.3,43,23,2.6,4.8,51.3,14,10,10.7,12.4,2.1,13329,6892,6437
80,15642,2015,22,29.2,40.3,8.5,1.4,5.8,42.4,17,9.6,16.7,14.9,3.5,45132,23453,21679
81,15332,2015,13.6,37.3,37.3,11.9,2.5,10.3,53.3,10.1,7.3,9.2,8.2,6.5,7985,3985,4000
82,15142,2015,12.5,28.2,33.4,25.9,1.7,2.3,18.8,11.6,6.2,30.7,29.4,8.9,1286,634,652
83,15217,2015,18.1,24.2,25.8,31.9,1.3,3.5,25,14.3,9.8,21.8,21.9,6.9,28370,14377,13993
84,15071,2015,0,0,0,0,0,17.7,74.7,0,0,7.6,19.4,4.6,10294,5355,4939
85,15108,2015,25.2,36.5,35.4,2.8,2.8,8.8,48.6,19.7,7.5,8.4,11.8,6.2,42123,21473,20650
86,15086,2015,0,100,0,0,0,16.5,52.5,24.7,0,6.3,0,0,342,117,225
87,15005,2015,0,55.9,44.1,0,0,4.3,45.9,5.3,16.5,15.8,11.3,4,9973,5110,4863
88,15104,2015,17.6,29.1,40.6,12.7,1,4.9,37.8,17.6,10.9,18.4,17.5,30.7,8878,4711,4167
89,15221,2015,1.8,25.5,65.1,7.7,0.6,1.3,12.4,13.3,6.4,25.3,26.3,17.2,31177,17247,13930
90,15145,2015,8.7,29.9,43,18.3,2.5,3.3,27.4,18.1,10.4,23.6,25.3,20.2,7144,3721,3423
91,15028,2015,6,54,26,14,1.5,4.4,39.4,22.1,16.5,11.7,9.9,1.9,175,80,95
92,15139,2015,27.1,40.1,19.9,13,0.4,6.6,43,22.3,8.2,12.6,15.4,5.3,6398,3580,2818
93,15215,2015,11.5,26.8,37.5,24.2,2.3,3.2,25.8,18.7,8.7,26.1,27.2,6.7,12656,6459,6197
94,16046,2015,62.5,0,37.5,0,0,15.8,51.1,12,14.3,4.5,0,1.1,15464,7728,7736
95,15143,2015,2.1,47.4,43.6,7,0.7,5.6,43.7,19.7,10.7,12.4,12.6,2.5,19516,10080,9436
96,15205,2015,8.9,20.5,37.7,32.9,2.5,5,25.9,17.1,6.5,21,21.7,9.1,22476,11740,10736
97,15220,2015,21.1,27.6,37.8,13.6,2.1,5.2,29.1,18.5,8.8,20,20.4,5.3,17833,8979,8854
98,15031,2015,7.9,54.9,33.3,3.9,1.4,8,46.4,16,8,11.9,10.4,0,619,189,430
99,15102,2015,13,33.8,50.9,2.3,4.8,10.5,43.4,18.8,12.1,7.2,5.6,2.8,29706,15688,14018
100,15228,2015,5.8,33,39,22.3,1.4,5,27.7,16.6,10.8,25.7,26.7,5,17838,9197,8641
101,15216,2015,1,15.1,43.8,40.2,0.9,2,12.2,10.2,4.7,25.4,24.5,7.4,22953,11645,11308
102,15136,2015,38.2,29.6,28.3,3.9,0.9,5.7,43.8,18.1,13.3,11.6,11.3,12.9,22058,11428,10630
103,15204,2015,5.4,26.3,41.2,27.2,2.3,3.8,32.9,18.4,8.5,24.4,25,19.7,9028,4592,4436
104,15122,2015,16.5,33.9,29.8,19.7,0.9,6.9,26.4,20.3,11.2,24.7,23.8,10.3,20004,10668,9336
105,15235,2015,5.2,28.9,49.8,16.2,2.4,2.3,33.6,17.9,11.5,20.5,22.3,8.4,33671,18182,15489
106,15237,2015,22.7,24.1,33,20.1,1.6,2.1,16.5,12.1,6.1,25.6,25.5,2.4,42549,22531,20018
107,15202,2015,2.2,6.3,47.1,44.4,1.3,3.8,27.4,10.8,7.5,25.7,29.1,7.5,19473,10443,9030
108,15116,2015,5.8,26.6,48.8,18.9,1.6,5.8,41.7,17,12.2,13.9,17.3,3.6,14064,7283,6781
109,15037,2015,0,0,0,0,0,6.2,50,43.8,0,0,0,5.8,11041,5658,5383
110,15088,2015,2.6,36,51.3,10.1,1.9,4.9,43.7,18.2,11.6,12.9,9,13.8,565,278,287
111,15083,2015,19.3,50.7,15.7,14.4,1.6,6.5,49.3,14.6,11.1,12.6,12.3,15,914,453,461
112,15276,2015,0,0,0,0,0,0,0,0,0,0,0,0,0,0,0
113,15282,2015,0,0,0,0,0,0,0,0,0,0,0,0,0,0,0
114,16229,2015,18.2,27.3,45.5,9.1,3.4,14.5,58.2,7.4,9.4,4.4,1.6,7.3,5100,2490,2610
115,15076,2015,50,12.5,37.5,0,7.7,14.5,35.9,21.4,17.1,1.7,1.8,20.7,1027,561,466
116,15075,2015,0,15.1,84.9,0,3.2,17,32.9,18.1,16.1,12.1,10.6,51.3,228,122,106
117,15068,2015,10.1,26.1,50.5,13.4,0.6,5,27.5,18.5,10.8,24.6,26.9,11.5,38214,19906,18308
118,15065,2015,10.2,52.7,25.2,11.9,3.6,6.5,42,19.5,9.3,12.3,13.2,11.7,11684,6191,5493
119,15064,2015,22.7,35.4,36.1,5.9,1.2,4.6,42.2,20.1,10,14.9,14.2,43.1,468,295,173
120,15063,2015,0,0,100,0,6.3,0,59.3,4.8,13.7,15.9,35.2,6,11183,5619,5564
0,15226,2014,19.9,28.2,33.3,18.6,3.8,5.1,35.4,17.1,12,18.1,8.5,7.5,13842,7299,6543
1,15232,2014,9.3,35.8,24.1,30.7,4.1,19.9,34.8,16.7,7.8,12.3,4.5,3,11451,5944,5507
2,15233,2014,6.3,35.5,42,16.2,2.2,4.1,33.2,19.2,9.2,22.2,9.9,21.3,4220,1166,3054
3,15236,2014,15.8,13.9,36.6,33.6,1.4,3,22.9,15.8,6.8,28.8,21.3,6.3,29894,15974,13920
4,15321,2014,15.9,38.6,34.3,11.1,4.2,10.3,54.9,10.1,7.9,9.4,3.1,1.6,1498,817,681
5,15290,2014,12.3,37.2,43.3,7.2,3.6,8,41,15.1,9.4,14.8,8.1,0,0,0,0
6,15275,2014,0,0,0,0,0,0,0,0,0,0,0,0,0,0,0
7,15261,2014,0,0,0,0,0,0,0,0,0,0,0,0,0,0,0
8,15243,2014,0,0,0,0,0,0,0,0,0,0,0,3,13427,7258,6169
9,15241,2014,11.5,20.7,34.3,33.5,0.7,2.1,20.5,12.6,7.2,31.3,25.7,2.5,20186,10201,9985
10,15239,2014,15.8,24.9,31.9,27.4,0.5,0.6,12.4,13.1,5.6,35.1,32.7,3.3,21394,11190,10204
11,15017,2014,0,100,0,0,0,1.4,69.3,16.4,4.6,8.3,0,3.8,15830,8481,7349
12,15057,2014,35.4,8.6,42.1,13.9,5.1,10,38.8,23.4,9,9.7,4.1,3.4,14900,7594,7306
13,15120,2014,18.9,29.8,36.8,14.4,2,4.4,41,21.6,11,15.1,5,8.9,18678,9943,8735
14,15234,2014,15.5,33.1,39.1,12.3,2.4,3.3,31.9,22.7,10.5,17.6,11.5,6.4,14353,7332,7021
15,15225,2014,7.7,35.2,42.6,14.5,1.9,6.7,34.4,19.6,11.6,17.2,8.6,11.7,1088,500,588
16,15224,2014,6.3,50,21.3,22.5,2.8,8.5,48.8,13.2,12.9,11,2.8,18.9,10780,5661,5119
17,15222,2014,7.7,35.1,35.8,21.5,2.4,7.2,40.3,18,11.7,15.2,5.2,3.9,3638,1731,1907
18,15219,2014,5.9,31.7,41.7,20.7,1,4.1,24.5,15.1,9.6,27.9,17.8,36.7,15624,8037,7587
19,15218,2014,7.2,22.3,63.1,7.4,3.6,11.5,39.8,22.4,7,8.9,6.9,10.2,13815,7296,6519
20,15214,2014,19.9,23.5,39.7,16.9,1.6,5.2,23.2,11.3,7.1,26.1,25.5,17.9,14804,7533,7271
21,15213,2014,14,38.4,31.5,16.2,1.7,7.8,36.1,18.3,8.4,17.2,10.4,15.3,28417,14558,13859
22,15212,2014,0.9,14.8,70.2,14.1,4,4.8,14.3,14.9,3.5,24.4,34.1,20.3,27620,13683,13937
23,15211,2014,11.3,36.2,38.4,14.1,3,8.4,36.1,16.6,8.7,17,10.2,10.7,11186,5574,5612
24,15210,2014,6.9,28.8,31.8,32.5,1.2,5.7,27.3,15.2,9.9,25.6,15.1,22.8,27290,14306,12984
25,15209,2014,22.4,29.2,40.6,7.8,4.2,9.6,42.3,20.8,9.8,8.7,4.7,6.9,12796,6561,6235
26,15208,2014,7.2,44.2,29.4,19.3,1,5.9,35.6,17.8,8.4,19.9,11.4,20.6,9844,5548,4296
27,15207,2014,8.5,44.3,30.5,16.6,1.6,6.9,25.4,15.7,7.9,19.7,22.9,16.2,11962,6350,5612
28,15206,2014,7.9,29.6,42.1,20.4,2.6,8.9,38.3,18,11.1,12.8,8.3,17.9,29196,15897,13299
29,15203,2014,11.8,42.1,30,16.1,2.2,8.1,38.3,21.7,11.2,12.4,6.1,7.1,9992,4608,5384
30,15201,2014,13.6,25.3,47.5,13.7,1.1,4.6,29.7,18.7,11,23.1,11.7,15.8,13162,6649,6513
31,15148,2014,13.5,28.8,29.9,27.8,1.8,6.6,28.4,19,7.3,23.8,13,16.8,2492,1360,1132
32,15147,2014,11.6,18.5,67.8,2.1,4.6,7.3,46.7,17.5,12.2,9.5,2.3,9.8,17494,9036,8458
33,15146,2014,13.5,35.2,37,14.4,2.6,6.3,37.4,18.1,11.5,14.5,9.6,5,28486,14740,13746
34,15144,2014,16.4,27.9,48.8,6.9,1.9,6.9,45.2,19.9,11.3,11.1,3.9,7.5,4104,2244,1860
35,15140,2014,0,0,70.3,29.7,0,1.3,23.5,13.7,0.8,37.1,23.5,7.6,3283,1701,1582
36,15137,2014,0,36.9,35.1,28,1.4,3.7,27.1,15.9,7.9,25.5,18.4,18.9,10138,5272,4866
37,15135,2014,15.9,38.1,34.8,11.3,2.1,8,40.2,16.9,7.5,18,7.4,7.7,5433,3047,2386
38,15133,2014,17.9,24.2,20.6,37.3,0,2.4,40.9,18.7,13.2,15.7,9.1,5.7,6355,3294,3061
39,15132,2014,12,44.4,37.9,5.7,1,6.1,43.5,24.8,10.4,10.8,3.4,25.7,21524,11446,10078
40,15131,2014,21.7,35.9,39.7,2.8,2.9,10.5,46.2,19.6,9.2,7.6,4.1,0.2,8375,4569,3806
41,15129,2014,5.7,22.3,59.5,12.5,1.5,4.7,37.1,20.8,11,16.6,8.3,6.5,10789,5354,5435
42,15112,2014,8.8,34.3,32.2,24.7,1.3,3.4,31.4,14.7,7.9,24,17.3,20.6,3564,1922,1642
43,15110,2014,26.7,34,37.8,1.5,2.1,4.1,39.4,20.2,12.4,17,4.9,41.2,5558,3092,2466
44,15106,2014,8.9,20.1,50.4,20.6,2.9,3,25.9,16.5,10.2,27.1,14.4,13.7,19043,9696,9347
45,15090,2014,9.8,22.2,34.8,33.1,1.9,2.2,23.8,15.2,9,27.9,20.1,1.6,22501,10992,11509
46,15085,2014,0,100,0,0,0,0,25.2,25.2,6.4,29.1,14.1,4.6,7526,3934,3592
47,15082,2014,2.4,20.7,72,4.9,3.9,10,43.4,17.8,7.9,9.3,7.7,0,132,76,56
48,15056,2014,12.5,30.5,44.1,12.9,1.1,5.3,36.8,13.8,10,22.3,10.8,4.3,1199,650,549
49,15049,2014,17.3,32.7,31,19,2.3,4.3,44.6,19.8,17.5,7.3,4.3,9,917,493,424
50,15047,2014,0,57.8,37.8,4.4,2.7,9.6,41.1,16.4,8.7,16.8,4.6,0,26,18,8
51,15046,2014,0,0,0,0,0,0,0,0,69.2,30.8,0,4.5,2637,1369,1268
52,15045,2014,20,28.9,46.1,5,2.9,3.5,34.4,19.1,12.8,18.6,8.6,9.3,4485,2261,2224
53,15035,2014,10.6,32.6,44.5,12.3,1.2,4.8,42.8,17.2,10.4,14.7,8.9,12.5,2233,1232,1001
54,15030,2014,40,60,0,0,1.9,10,35.9,24.3,7.3,10.7,10,17.8,1019,448,571
55,15034,2014,10.5,33.3,44.4,11.8,1.1,10.4,40.7,21.5,10.9,8.8,6.6,9.1,1821,975,846
56,15026,2014,0,16.7,72.6,10.7,2.3,7.7,45.1,20,8.5,10.5,5.9,1.9,3275,1505,1770
57,15025,2014,35.7,31.7,14.1,18.6,1.2,4.6,45.3,17.8,14.3,12.1,4.6,7.7,16262,8560,7702
58,15024,2014,22.7,29.7,39.6,8,1.7,4.5,35,16,11.3,19.3,12.3,5.4,8721,4624,4097
59,15020,2014,7.4,53.2,29.1,10.2,3.1,10.9,46.1,16.5,7.6,12.1,3.8,10.5,237,105,132
60,15018,2014,21.3,13.3,33.6,31.8,0,7.6,55,14.7,8.9,8.9,4.9,10,655,305,350
61,15015,2014,1.4,43.8,42.1,12.7,1.7,4.2,30.9,14.6,6.8,27,14.9,1.8,1249,584,665
62,15014,2014,25,41.7,22.9,10.4,0,2,8.6,10.7,7.6,41.8,29.3,11.2,3203,1669,1534
63,15007,2014,20.6,23.6,39.4,16.4,2.5,3.8,29.6,18.3,10.5,22,13.3,0,254,125,129
64,15003,2014,0,0,0,0,0,0,28,33.2,13.5,19.2,6.2,14.4,11465,6086,5379
65,15229,2014,0.3,7.9,34.1,57.7,1.6,1.3,7.6,6.9,3.2,34.6,44.7,3.5,13836,6936,6900
66,15227,2014,11.6,27.7,34,26.7,1.3,1.4,14,12.7,6,32.6,32,6.2,28273,14631,13642
67,15223,2014,6.8,29.3,28.6,35.3,2.4,5,30.4,20.2,7.1,18.7,16.1,7.6,6883,3469,3414
68,15238,2014,6.5,31.4,43.7,18.4,1.7,3.9,30.5,17.7,11.8,22.7,11.7,4.6,12959,6879,6080
69,15051,2014,8.9,14,66.7,10.5,1.5,4.9,45.7,19.1,13.1,12.2,3.4,16.5,294,175,119
70,15101,2014,14.9,17.9,45.4,21.9,1.7,2.6,27.4,14.5,8.5,30.6,14.7,2.6,24422,12518,11904
71,15044,2014,34.8,18.7,38.3,8.2,5.2,8.2,43.5,16.5,12.4,11.7,2.5,2.1,27319,14158,13161
72,15006,2014,0,0,0,0,0,0,64.1,6.7,5.4,20.2,3.6,0,486,236,250
73,15084,2014,0,45.6,40.6,13.7,0.6,4.1,38.4,15.6,12.1,20.5,8.6,10,9879,4924,4955
74,15089,2014,14.6,28.2,43.1,14,0.4,0.9,11.5,11,8.6,36.5,31,6.9,5898,3118,2780
75,15126,2014,11.5,27.8,38.7,22,2,2.7,28.4,14.6,13.2,25.7,13.5,6.3,6848,3517,3331
76,16059,2014,9.6,27.3,51,12.1,1.3,4.5,47,19.1,11.8,11.9,4.3,4,7827,4024,3803
77,16056,2014,1.2,21.2,72.4,5.3,2.7,5.5,36,15.7,9.2,17.1,13.8,3.4,4784,2560,2224
78,16055,2014,16.6,40.7,26.5,16.2,2,4.7,46.3,14.8,13.1,12.8,6.2,4.4,8311,4203,4108
79,15668,2014,22.9,15,41.6,20.5,3.5,3.1,44.6,13.9,11.8,14.3,8.7,2.6,13450,7135,6315
80,15642,2014,18.2,28,45.7,8.1,1.6,6,40.2,18.9,9.8,16.3,7.1,3.6,45301,23443,21858
81,15332,2014,14.9,28,46.4,10.7,2.3,8.8,51.8,11.8,8.5,9,7.8,6.1,8074,4008,4066
82,15142,2014,9.3,36,36.2,18.5,1.8,2.6,19.3,12.7,6.3,28.9,28.5,11.5,1284,625,659
83,15217,2014,19.6,21.5,30.7,28.1,1.4,4.2,25,15.6,8.9,21.5,23.3,6.9,27550,13963,13587
84,15071,2014,0,0,0,0,0,19.6,72,0,0,8.4,0,4.3,10274,5361,4913
85,15108,2014,33,38.8,26.4,1.8,4.2,8.1,46.3,21.7,7.4,6.7,5.7,6.7,41570,21216,20354
86,15086,2014,0,100,0,0,0,10.5,79,10.5,0,0,0,0,302,142,160
87,15005,2014,0,0,100,0,0,17.2,43.6,4.7,22.3,12.2,0,3.2,9783,4986,4797
88,15104,2014,14.2,26.6,44.1,15.1,1.1,5.3,38.9,17.1,9.9,19.1,8.5,29.5,8913,4740,4173
89,15221,2014,2.2,28.7,62.1,7,0.5,1.6,13.9,14.5,7,24.1,38.4,17.5,31046,17322,13724
90,15145,2014,10,25.9,43.1,21,2.6,3.5,28.2,17.7,10.4,23.9,13.9,19.2,7323,3770,3553
91,15028,2014,5.4,42.9,39.3,12.5,2.1,5.1,38.8,21.4,15.3,15.4,1.9,2.3,148,57,91
92,15139,2014,28.8,45.6,12.9,12.7,0.4,7.2,47.8,19.8,6.7,12,6,5.1,6358,3467,2891
93,15215,2014,12.6,29.5,39.6,18.2,2.3,3.5,28.7,18.9,9.1,23.6,13.9,6.3,12494,6304,6190
94,16046,2014,55.6,22.2,22.2,0,0,15.3,45.8,11.5,20.6,4.6,2.3,1.2,15261,7857,7404
95,15143,2014,2.6,44.2,35,18.2,2.4,6.3,40.4,18.8,9.4,14.5,8.3,3.3,20342,10426,9916
96,15205,2014,12,22.3,31.8,33.9,3.1,5.7,26.2,16.1,6.7,20.3,21.9,8.7,22676,11859,10817
97,15220,2014,17.7,28.8,39,14.5,2.1,4.7,29.6,19.1,9.9,18.2,16.3,6.7,17643,9084,8559
98,15031,2014,10.9,50.6,31.2,7.3,1.9,7.7,52.1,14.7,7.4,10.2,5.9,0,569,136,433
99,15102,2014,25.4,26,46.4,2.2,4.9,11.6,42.1,20.8,11.9,6.1,2.6,2.2,29744,15543,14201
100,15228,2014,3.9,37.1,33.6,25.3,1.1,4,28.9,17.4,10.2,25.8,12.7,5.3,18173,9499,8674
101,15216,2014,1.4,13.6,40.7,44.3,1,1.5,12.8,10,4.4,25.3,45.1,8.5,23092,11959,11133
102,15136,2014,41.2,30.6,21.1,7.2,1.3,5.3,42.4,19.5,12.9,11.9,6.7,15.4,21999,11241,10758
103,15204,2014,5,25.2,40.7,29.2,1.8,4,32.6,18.7,8.2,24.7,9.8,15.3,8077,4271,3806
104,15122,2014,7.6,35.3,36.3,20.9,0.6,5.9,24.9,22.3,13.5,24.5,8.4,10.3,20120,10757,9363
105,15235,2014,5.8,25.4,53,15.8,2.7,2.5,34.6,16.9,10.8,21.7,10.9,7.6,33926,18442,15484
106,15237,2014,19.6,23.1,24.4,32.9,1.5,1.9,17.5,11.3,6.3,29.6,31.9,2.6,41733,22128,19605
107,15202,2014,3.4,9.7,49.6,37.3,1.3,3.9,28.3,10.8,8.2,25.9,21.7,7.5,19506,10430,9076
108,15116,2014,9.1,27.3,44.9,18.7,1.9,5.7,43,17.3,10.8,13.3,8,2.2,14305,7267,7038
109,15037,2014,0,0,0,0,0,23.3,49.4,27.3,0,0,0,6.5,11129,5709,5420
110,15088,2014,3.1,29.8,59.2,7.8,2.7,6.6,42,21.1,10.3,11.6,5.7,12.3,636,295,341
111,15083,2014,14.7,41.8,23.5,20,2.7,6.6,45.4,17.1,11.7,11.7,4.8,9.6,843,402,441
112,15276,2014,0,0,0,0,0,0,0,0,0,0,0,0,0,0,0
113,15282,2014,0,0,0,0,0,0,0,0,0,0,0,0,0,0,0
114,16229,2014,15.7,21.6,54.9,7.8,3.7,13.1,56.4,7.6,10.7,5.5,3,7.1,5092,2461,2631
115,15076,2014,42.9,35.7,21.4,0,7.3,17.4,38.5,19.3,16.5,0.9,0,11.6,1192,630,562
116,15075,2014,34.1,10.1,55.8,0,2.5,12.3,38.1,23.2,12.8,9.2,1.9,42.1,72,30,42
117,15068,2014,9.2,31.3,49,10.5,0.6,4.9,30.1,16.6,11.6,24.2,12.1,12.5,38256,19756,18500
118,15065,2014,14.3,47.9,27.8,10,4.2,5.4,44.1,18.8,8.8,12.1,6.6,10.7,11650,6066,5584
119,15064,2014,21.1,38.3,34.8,5.8,0.6,4.7,46,18.6,7.4,15.2,7.5,45.5,502,307,195
120,15063,2014,0,0,100,0,5.5,0,67.8,3.4,7.9,15.4,0,6.3,11104,5599,5505
0,15226,2013,14.4,31.8,35.5,18.3,2.8,5.6,37.4,18.3,11.2,16.8,7.9,8.4,13715,7222,6493
1,15232,2013,8.4,51.8,12.9,26.9,3.4,18.4,37.8,17.9,8.6,9.4,4.5,2.5,11894,5949,5945
2,15233,2013,8.3,37.7,32.5,21.5,2.4,4.6,33,18.9,8.6,22.7,9.8,25.9,4387,1164,3223
3,15236,2013,15.9,14.3,34.5,35.2,1.4,3.4,24.1,15,7.2,28.7,20.1,6.2,29836,15584,14252
4,15321,2013,20.5,33.9,22,23.6,3.3,9.1,57.6,11,7.2,7.5,4.3,0,1447,839,608
5,15290,2013,13.7,34.4,46.2,5.8,3.8,8.1,42,16.2,8.1,14.7,7.2,0,0,0,0
6,15275,2013,0,0,0,0,0,0,0,0,0,0,0,0,0,0,0
7,15261,2013,0,0,0,0,0,0,0,0,0,0,0,0,0,0,0
8,15243,2013,0,0,0,0,0,0,0,0,0,0,0,2.4,13220,7122,6098
9,15241,2013,13.4,18.3,36.9,31.4,1.2,2.3,21.6,13,7,29.8,25,2.1,20069,10262,9807
10,15239,2013,17.9,24.5,37.6,20,0.6,0.9,12.4,13.6,5.1,35.7,31.7,3.9,21418,11210,10208
11,15017,2013,0,63.6,36.4,0,0,1.4,67.9,15.8,7.6,5,2.2,2.4,15518,8092,7426
12,15057,2013,26.5,22.7,31.4,19.5,4,12.2,42.7,19.4,7.7,10.3,3.7,2.7,14946,7568,7378
13,15120,2013,16.3,33.4,41,9.2,2.6,5.8,41.7,21.2,10.6,13.2,5,7.6,18952,10279,8673
14,15234,2013,15.8,34.5,36.8,13,2.6,3.7,32.2,22.5,10.5,16.7,11.8,6.9,14146,7371,6775
15,15225,2013,7,30.6,39.6,22.8,1.8,5.9,36.1,18.8,12.3,17,8.2,11.8,1086,499,587
16,15224,2013,8.7,42.4,23.9,25,3.8,10,50.3,16.1,8.1,8.3,3.5,16.2,10148,5410,4738
17,15222,2013,10.4,22.6,40.5,26.6,2.5,8.7,40,18.2,8.9,16.1,5.6,3.8,3550,1736,1814
18,15219,2013,5.1,31.8,35.8,27.3,1,3.2,25.2,15.7,9.3,29.1,16.6,32.5,15410,8073,7337
19,15218,2013,8.4,22.4,62.1,7.2,4.1,10.5,41.8,23.4,6.5,6.1,7.7,11.9,13877,7259,6618
20,15214,2013,19.3,19,45.9,15.7,1.4,5.6,23.2,11.1,6.8,26.6,25.3,20.8,14535,7615,6920
21,15213,2013,11.7,40.8,26.9,20.6,2,8.1,37.5,16.5,9.2,17.4,9.2,13.3,28400,14932,13468
22,15212,2013,1.1,12.9,71.6,14.5,4.3,4.7,16.9,15.7,4.3,23,31.1,19,28243,13927,14316
23,15211,2013,11.1,29.8,45.2,13.9,2.6,9.1,38.2,16.2,8.5,16,9.5,11.1,11428,5760,5668
24,15210,2013,6.4,30.3,32.2,31.1,1.4,5.3,31.3,14.3,9.9,22.8,15.1,22.7,27573,14479,13094
25,15209,2013,23.9,31.2,40,4.9,4.1,11.5,42.1,20,9.6,7.9,4.9,6.5,12875,6876,5999
26,15208,2013,8.4,46.2,30.3,15.1,1,7.2,35.3,18.9,8.6,19.9,9.2,23.4,9941,5825,4116
27,15207,2013,7.8,40.1,34.6,17.6,2.6,6.4,26.7,18,7.4,16,22.9,12.3,11245,6104,5141
28,15206,2013,2.8,26.8,52.2,18.2,3.1,11,35,18.9,10.9,13.6,7.6,17.2,29098,16120,12978
29,15203,2013,18.3,47.7,27.4,6.6,1.5,10.8,38.4,22.9,10.3,10,6.1,6.7,10134,4686,5448
30,15201,2013,12.1,29.7,46.5,11.8,1,5.8,31.3,18,10.4,21.9,11.6,14.6,13688,6979,6709
31,15148,2013,18.3,24.6,30.7,26.4,2.6,9,29.3,18.4,7.7,20.5,12.5,13.9,2628,1493,1135
32,15147,2013,12.7,21.8,63.8,1.7,3.7,9.1,46.1,17.8,11.8,9.4,1.9,7.1,17314,9143,8171
33,15146,2013,6.8,33.1,44.7,15.5,2.7,7.1,35.6,18.7,11.5,15.7,8.8,4.6,28380,14701,13679
34,15144,2013,16,55.6,20.6,7.8,2.2,5.1,46.4,19.5,9.9,11.8,4.9,6.7,4081,2195,1886
35,15140,2013,0,0,48.9,51.1,0,1.7,21.9,15.3,2.4,27.9,30.9,1.7,3295,1699,1596
36,15137,2013,2.7,36.2,42.1,19,1.6,4,29,17.1,8.2,22.6,17.5,17.8,10123,5207,4916
37,15135,2013,17.2,34.6,35.2,12.9,2.4,8.6,40.5,16.1,7.1,17.9,7.3,5.6,5304,2932,2372
38,15133,2013,20,20.2,30,29.8,0.7,3.2,41,18.3,11,17.1,8.5,4.7,6443,3383,3060
39,15132,2013,12.5,42,40.4,5.1,1.3,5.9,44.5,24.5,9.2,11,3.6,23.7,21456,11246,10210
40,15131,2013,20,39.7,37.1,3.1,3.5,11,46.9,18.8,9.3,6.5,4,0.9,8335,4543,3792
41,15129,2013,3,28.4,56.6,12,1.6,3.7,39.8,20.6,11.9,15.4,7,7.8,10844,5476,5368
42,15112,2013,12.3,31.8,30.2,25.7,1.4,3.3,32.5,15.7,8.5,24.9,13.7,19.6,3372,1809,1563
43,15110,2013,21.9,28.5,43.8,5.9,2,4.8,38.1,21.8,11.3,16.4,5.6,36.3,5581,3023,2558
44,15106,2013,10.2,20.7,49.7,19.3,2.6,2.8,26.8,18,10,26.2,13.5,13.6,19090,9652,9438
45,15090,2013,8.6,23.2,35,33.2,1.6,2.3,23.9,14.5,9.6,27.7,20.4,1.3,22369,11023,11346
46,15085,2013,0,100,0,0,0,0,24.1,25.4,0,32.6,17.9,5.2,7579,3952,3627
47,15082,2013,7.5,25,61.3,6.3,4.5,9.7,45.3,18.4,7.4,7.8,6.8,0,142,79,63
48,15056,2013,12.3,31.9,44.1,11.7,1.6,5,36.5,15.6,9.6,21.3,10.4,0.7,1136,629,507
49,15049,2013,12.3,40.1,32.6,15,3.4,4.1,45.7,22.7,14.1,5.5,4.5,8.6,954,514,440
50,15047,2013,0,61.7,23.4,14.9,3.2,14.1,42.4,13,6.4,14.5,6.3,0,0,0,0
51,15046,2013,0,0,0,0,0,0,0,0,0,0,0,5.4,2628,1319,1309
52,15045,2013,18.5,35.9,43.1,2.6,3.1,3,38.7,16.5,12.2,18.3,8.1,6.6,4481,2219,2262
53,15035,2013,6.5,35,42.8,15.8,1,4.5,43.4,17.2,9.9,15.2,8.7,9.5,2222,1208,1014
54,15030,2013,36.4,63.6,0,0,1.9,9.2,46.5,19.5,4.6,9.2,9.2,15.1,1040,505,535
55,15034,2013,12.8,44,40.8,2.4,0.7,9.3,44,22.4,8.4,9.9,5.4,7.4,1838,946,892
56,15026,2013,0,18.3,69.5,12.2,1.8,7.4,46.9,18.5,9.2,9.9,6.3,4.4,3116,1515,1601
57,15025,2013,1.5,55.4,32.3,10.8,0.8,4.5,47.5,18.8,12.7,10.5,5.1,9.7,16089,8523,7566
58,15024,2013,26.4,28.8,38.9,5.8,1.6,5.9,36.8,15,11.3,18.1,11.2,6.2,8541,4603,3938
59,15020,2013,8.7,58.4,21.9,10.9,3.2,10.8,47.2,17.2,7,10.7,3.8,17,152,64,88
60,15018,2013,23,5.4,46.3,25.3,1,4.7,54.4,15.7,9.1,9.3,5.9,8.5,668,349,319
61,15015,2013,7.1,42.3,37.4,13.1,2,4,29.5,15.6,7.4,26.4,15.1,1.5,1225,598,627
62,15014,2013,19.5,41.5,31.7,7.3,0,1.3,10.3,12,9.2,38.9,28.3,12,3184,1746,1438
63,15007,2013,18.1,28.7,40.2,13,2.4,4.8,30.6,18.2,10.3,22,11.6,0,334,160,174
64,15003,2013,0,0,0,0,0,0,17.7,42.9,13.1,19.4,6.9,16,11613,6078,5535
65,15229,2013,1.9,9.9,34.9,53.2,1.7,1.1,8,8.9,3.5,33.3,43.6,3.2,14024,7289,6735
66,15227,2013,10,24.9,38.2,26.9,1.2,1.5,15.1,13,6.3,33.5,29.4,8.4,28399,15011,13388
67,15223,2013,2.9,24.4,39.3,33.4,2.5,6,28.9,19.6,6.4,19.4,17.2,8.6,6737,3475,3262
68,15238,2013,7.2,31.6,43.3,17.9,1.9,3.7,31.9,16.8,11.7,21.9,12.2,4.4,12654,6644,6010
69,15051,2013,9.1,25.4,56.3,9.1,1.2,6.3,43.5,21.1,13.7,10.9,3.3,11.6,359,211,148
70,15101,2013,15.2,15.6,42.6,26.7,1.5,2.8,27.2,14.8,8.7,30.1,15,3.5,24988,12700,12288
71,15044,2013,32.4,20,39.7,7.9,5.5,7,43,16.9,12.1,11.9,3.6,2.5,26934,13909,13025
72,15006,2013,0,0,53.1,46.9,0,2.5,53.3,10.9,3.6,27.5,2.2,0,329,162,167
73,15084,2013,3.9,43.7,37.9,14.6,0.1,3.5,40.2,17.2,13.6,17.8,7.6,10.1,9754,4942,4812
74,15089,2013,13.2,28.1,44.7,14,0.6,1.4,12.8,10.2,6.9,36.9,31.3,6,5586,2872,2714
75,15126,2013,10.8,24.9,45.5,18.7,2.9,3.7,30.7,15.8,13.1,24.3,9.7,5,6646,3331,3315
76,16059,2013,8.4,25.3,46.6,19.7,1.8,4.6,46.1,20.9,10.7,12.7,3.1,5.4,8207,4250,3957
77,16056,2013,1.6,19.7,73.6,5.1,2.4,6,35.9,14.5,8.7,18.8,13.8,3.7,4792,2603,2189
78,16055,2013,11.9,40.1,31.5,16.6,2.7,4.7,48.1,15.8,11.6,12.4,4.7,4.5,8416,4308,4108
79,15668,2013,22,10.4,51.9,15.7,3.8,3.5,45.5,13.3,11.9,14.8,7.2,2.4,13579,6975,6604
80,15642,2013,21.2,23,46.6,9.2,2.1,6.4,40.3,20.2,8.9,15.8,6.4,3,45544,23416,22128
81,15332,2013,16.8,24.2,48,10.9,1.1,11.5,50.3,11.7,8.3,8.9,8.2,6.4,8170,4149,4021
82,15142,2013,7.9,38.4,35.8,17.9,1.1,2.9,20.6,13.1,5.6,28.9,27.8,10.2,1358,710,648
83,15217,2013,15.5,26.4,32.3,25.8,1.3,4.1,25.6,15.5,7.9,22.5,23,7.2,27439,13874,13565
84,15071,2013,0,0,0,0,0,21,72.3,0,0,6.7,0,5,9897,5047,4850
85,15108,2013,31.4,45.6,22,1,3.5,8.4,46.1,20.9,7.9,7.2,6,7.9,40774,20476,20298
86,15086,2013,0,100,0,0,0,6.9,85.7,7.4,0,0,0,0,298,169,129
87,15005,2013,0,0,100,0,0,22.1,48.5,0,20,9.4,0,3.9,9659,4895,4764
88,15104,2013,12.6,30.4,40.3,16.7,1.6,5.8,39.3,17.9,9.3,18.2,7.8,30,9339,4928,4411
89,15221,2013,1.8,27.4,61.8,9,0.6,3.7,19.1,15.6,6.2,23,31.9,17.9,31099,17407,13692
90,15145,2013,12.1,24.6,43.4,19.9,2.3,3.7,28.2,18.5,9.7,23.5,14.1,16.6,7388,3872,3516
91,15028,2013,4.8,40.3,38.7,16.1,2.7,6.5,37.5,19.7,14.6,17,2,2.3,130,66,64
92,15139,2013,25.3,46.4,9.6,18.7,1,6.2,45.1,19.8,7.5,13.4,6.9,3.8,6340,3336,3004
93,15215,2013,15.5,23.4,46,15.2,1.6,4,29.4,19.3,9,23.2,13.4,5.7,12834,6456,6378
94,16046,2013,52.4,14.3,33.3,0,0,7.5,55.8,17.5,11.7,5.8,1.7,1.4,14608,7600,7008
95,15143,2013,9.4,35.6,32.9,22.1,2.5,6.3,40.4,19.8,10.2,12.2,8.6,3,20162,10438,9724
96,15205,2013,11.8,19.4,34.2,34.6,3.4,6.1,26.2,17.8,6.8,18.4,21.4,7.7,22459,11731,10728
97,15220,2013,20.1,28.6,39.5,11.8,2.7,4.9,28.7,20.4,9.7,18,15.7,6,17637,8877,8760
98,15031,2013,9.9,49.2,30.1,10.8,1.8,8.7,53.7,13.7,6.5,9.5,6.1,29.7,554,144,410
99,15102,2013,27.9,32.5,38.4,1.2,4.8,10.8,43.1,20.3,10.5,7.2,3.3,2,29988,15560,14428
100,15228,2013,4.8,44.4,32,18.8,1,5,30,18.1,9.1,25.8,11,5.7,18099,9373,8726
101,15216,2013,1.6,11.1,40.6,46.8,0.9,1.8,13,10.9,3.9,25.5,43.9,7.5,23054,11866,11188
102,15136,2013,21.1,28.4,42.1,8.4,2.4,7.3,43,18.7,12.4,11.4,4.7,17.8,21901,11213,10688
103,15204,2013,5.4,26.8,42.9,25,1.7,3.9,34.8,17.4,9.7,22.8,9.8,12.7,7647,4088,3559
104,15122,2013,2.8,40.1,32,25.1,1,5.9,27.4,20,13.3,21.5,11,10.2,20123,10516,9607
105,15235,2013,7.1,26.6,50.5,15.8,2.8,3.3,32.6,17.8,11.4,21.2,11,7.6,34257,18449,15808
106,15237,2013,11.2,31.5,34.3,23.1,1.8,2.1,19,11.9,5.4,30.2,29.5,2.6,40891,21554,19337
107,15202,2013,3.2,10.6,50.8,35.4,2.1,4.4,26.9,11.3,7.2,27,21.3,8.8,19654,10440,9214
108,15116,2013,8.5,21,53.4,17.1,2.4,6.7,41.8,18.2,10.1,13.3,7.4,2.8,14403,7378,7025
109,15037,2013,0,100,0,0,0,21.5,53.7,24.9,0,0,0,5.5,11037,5752,5285
110,15088,2013,2.6,19.7,64.8,12.9,3.5,6.3,42.5,21,9.9,11,5.9,20.3,791,393,398
111,15083,2013,27.5,36.6,21.4,14.5,2.8,8.7,42.8,18.2,11.8,10.4,5.3,9.9,823,400,423
112,15276,2013,0,0,0,0,0,0,0,0,0,0,0,0,0,0,0
113,15282,2013,0,0,0,0,0,0,0,0,0,0,0,0,0,0,0
114,16229,2013,15.6,35.6,40,8.9,4.3,9.2,58.6,11.5,10.6,2.9,2.9,12.3,4997,2462,2535
115,15076,2013,20,60,20,0,8.1,14,43,19.8,12.8,2.3,0,15.5,1191,691,500
116,15075,2013,31.6,7.5,60.9,0,3.3,14.2,34.6,17.4,13.6,12.2,4.7,47.4,70,30,40
117,15068,2013,5.7,31.2,55.6,7.5,0.9,5.7,32.5,14.6,10.2,24,12.3,13.3,38292,19784,18508
118,15065,2013,14.3,43.4,35.7,6.6,3.2,5.9,43.8,20.3,9.3,10.9,6.7,9.4,11723,6237,5486
119,15064,2013,24.4,32.2,32.3,11.1,0.4,5.6,45.8,19.1,7.4,15.1,6.6,43.2,539,319,220
120,15063,2013,0,16.1,83.9,0,4.7,4.7,64.6,3.1,3.7,19.3,0,7.9,11408,5885,5523
0,15226,2012,14.2,36,32.6,17.2,2.1,5.6,37.5,18.5,11,17.5,7.7,6.9,13432,7228,6204
1,15232,2012,9.1,56.6,11.9,22.4,4.2,18.5,37.6,16.3,9.4,8.1,6,3.5,12114,5985,6129
2,15233,2012,7.3,35.2,30.3,27.1,2.6,4.9,33,19.1,8.7,21.8,10,20.9,4164,1213,2951
3,15236,2012,15.7,18.1,34,32.1,1.2,3.9,25.2,14.8,7.1,28.6,19.3,8.8,30324,15784,14540
4,15321,2012,21.1,35.5,22.4,21.1,5.3,7.4,57.9,11.4,6.9,8.7,2.3,1.1,1480,879,601
5,15290,2012,13.7,37.2,42.7,6.4,4.1,8.2,42.7,16.1,7.9,14.5,6.6,0,0,0,0
6,15275,2012,0,0,0,0,0,0,0,0,0,0,0,0,0,0,0
7,15261,2012,0,0,0,0,0,0,0,0,0,0,0,0,0,0,0
8,15243,2012,0,0,0,0,0,0,0,0,0,0,0,3,13468,7204,6264
9,15241,2012,16.1,16.3,36.6,31,0.9,2.3,20.9,13.7,7.2,30.9,24,1.7,20075,10249,9826
10,15239,2012,19.9,22.4,34.9,22.8,0.6,1.2,13.6,12.9,5.3,36.4,30.1,4.5,21179,10999,10180
11,15017,2012,0,20.5,79.5,0,0,3.6,65.3,10.4,9.2,8.6,2.9,2,15846,8258,7588
12,15057,2012,19.2,19.7,45.5,15.6,5.7,10.7,43.8,19.1,7.1,10.9,2.7,2,14362,7333,7029
13,15120,2012,18,35.8,36.6,9.6,2.7,5.9,40,21.2,11.8,12.7,5.7,8.2,19080,10270,8810
14,15234,2012,15.4,33,40.8,10.8,2.4,4.3,32.7,21.9,11.7,16.3,10.7,5.1,14226,7562,6664
15,15225,2012,3.5,30.8,32.5,33.1,1.2,5,38.2,20.2,11.1,17.2,7.2,11.7,1068,509,559
16,15224,2012,0,47.7,44.6,7.7,2.2,8,52.6,16.8,8.7,9.2,2.5,15.6,10504,5746,4758
17,15222,2012,10.8,29.6,38,21.6,3.2,9.9,37.7,19.5,8,15,6.8,0,2994,1434,1560
18,15219,2012,7,28.6,35,29.4,1.3,4.1,25.4,17.2,8.7,27.4,16.1,36.4,15894,8027,7867
19,15218,2012,8.2,21,62.6,8.3,4.1,10.6,42.5,22.8,5.6,7.3,7.1,10.7,13813,7334,6479
20,15214,2012,15.5,28.4,40.2,16,1.5,6.1,23.3,13.3,6.7,25.3,23.7,21.3,15002,8059,6943
21,15213,2012,18.1,33.7,27.9,20.3,2.7,7.6,38.5,18,9.2,15.3,8.7,13.6,28566,14674,13892
22,15212,2012,0.9,14.9,72,12.1,3.6,4.9,17.5,15.6,3.9,21.7,32.7,21.7,29296,14511,14785
23,15211,2012,15.4,27.1,43.8,13.6,2.9,9.8,38.9,16.1,8.2,15.5,8.5,9,11622,5870,5752
24,15210,2012,7.4,30,32.7,29.9,1.7,5.9,32.5,15.1,7.5,23.1,14.3,20.1,27308,14329,12979
25,15209,2012,23.6,28.1,41.5,6.9,3.7,12.4,41.4,19.3,10.1,8.7,4.4,5.2,12857,6838,6019
26,15208,2012,11.2,45.8,31.5,11.5,1.2,8.1,36.2,16.7,9.3,20.1,8.3,22.6,9873,5870,4003
27,15207,2012,7,34.9,38,20.1,3.5,7,25.9,16.2,5.8,17.4,24.1,10.5,11263,6195,5068
28,15206,2012,7.4,22.4,52.4,17.8,3.8,12,34.1,18.6,11.2,13.3,7.1,17,29504,16219,13285
29,15203,2012,23,42.1,28,6.9,1.9,12.3,40.1,21.2,10,8.3,6.3,7.7,9884,4642,5242
30,15201,2012,10.2,28.6,48.1,13.1,1.5,5.6,31.4,20.1,10.6,20,10.7,16,12542,6294,6248
31,15148,2012,17.9,23.5,28.7,29.9,3,8.4,31.7,21.6,6.1,18.4,10.9,17.8,2582,1382,1200
32,15147,2012,7.4,24.5,63.4,4.6,3.2,9.9,47.5,15.6,11.8,8.6,3.3,7.7,17782,9637,8145
33,15146,2012,11.1,32.4,42.1,14.4,2.5,7.1,37.4,18.7,10.8,16.9,6.6,4.8,28366,14633,13733
34,15144,2012,16.2,46.7,33.4,3.7,2.4,5.4,45.2,20.6,10.7,10.2,5.5,5.1,4024,2157,1867
35,15140,2012,0,0,36.6,63.4,0,0,24.2,14.5,6.9,26.3,28.1,3.9,3297,1710,1587
36,15137,2012,3.5,21.5,38.8,36.2,2,3.9,29.2,15.4,8.8,25.2,15.4,14.6,10106,5284,4822
37,15135,2012,18.2,34.7,36.3,10.9,2.6,8.2,41.9,17.2,7.4,16.2,6.6,4.4,5272,2854,2418
38,15133,2012,10.4,26,42.1,21.5,0.8,3.5,37.8,21.6,10.4,16,10,3.2,6466,3371,3095
39,15132,2012,5.9,37.2,52,4.9,1.1,5.3,50.7,20.8,9.5,8.9,3.7,21.9,21634,11521,10113
40,15131,2012,19.7,39.7,38,2.5,3.2,10.2,47.2,19.5,9.3,6.3,4.2,1.4,8335,4454,3881
41,15129,2012,3,26.4,59.6,11,1.5,4.3,38.4,21.5,10.7,17.2,6.4,8.1,10771,5613,5158
42,15112,2012,9.6,35.6,29,25.8,1.3,3.6,31.9,16.3,9.2,24.4,13.2,19.5,3320,1759,1561
43,15110,2012,22.1,39,32.4,6.6,2,5.7,40.1,20.1,11.6,15.6,4.9,36.1,5639,3237,2402
44,15106,2012,10.9,19.6,50.9,18.6,2.6,2.6,27.8,18.1,9.4,26.4,13.1,11.8,18753,9408,9345
45,15090,2012,10.8,25,34.3,29.9,1.2,2.1,26.1,14.5,9.9,27.9,18.3,1.5,21290,10350,10940
46,15085,2012,0,100,0,0,0,0,32.6,17.9,0,30.9,18.6,7.3,7522,3990,3532
47,15082,2012,8.6,28.6,54.3,8.6,4.4,7.5,47,20.2,7.5,7.1,6.3,0,191,119,72
48,15056,2012,15.8,38.2,34.6,11.4,1.6,4.7,37.4,16.7,10.2,19.6,9.9,1.1,1123,627,496
49,15049,2012,12.2,39.8,39.3,8.7,3,3.4,45.6,23.1,14.7,6,4.2,6.1,933,528,405
50,15047,2012,0,43.9,34.1,22,3.2,13,42.3,13.2,7.7,14.7,6,0,0,0,0
51,15046,2012,0,0,0,0,0,0,0,0,0,0,0,2.6,2619,1336,1283
52,15045,2012,10.7,37.7,48.4,3.1,2.9,2,37.2,14.5,13.6,19.1,10.7,8.1,4495,2264,2231
53,15035,2012,5.7,35.9,41.5,16.9,1.2,4.8,44.2,16.9,10,15.3,7.5,9.7,2182,1178,1004
54,15030,2012,100,0,0,0,2.2,3.9,49.3,20.2,5,11.2,8.1,16.7,1054,561,493
55,15034,2012,7.6,62.9,29.5,0,0.7,9.6,43,24.4,8.7,9.2,4.2,5.5,1859,960,899
56,15026,2012,0,7.8,88.2,3.9,1.2,6.9,46.8,18,10.3,10.1,6.6,4.1,3021,1515,1506
57,15025,2012,1.9,49.4,39.7,9,1.4,5.1,47.5,18.5,7.8,13.6,6.2,11.2,16098,8676,7422
58,15024,2012,21.3,29.3,41.3,8.2,1.6,6.5,36.9,16.2,10.5,17.2,11.2,7.3,8603,4466,4137
59,15020,2012,13.2,51,26.2,9.7,3.7,11.7,45.9,16.6,7.4,10.7,4,14.3,121,55,66
60,15018,2012,22.6,3.2,47.2,27,1.4,7.3,50.1,12.3,9.1,13.5,6.2,8,710,395,315
61,15015,2012,6.8,43.5,33.8,15.9,2.4,3.9,29.7,14.8,8.4,25.8,15,2.3,1228,617,611
62,15014,2012,11.7,33.3,36.7,18.3,0,0.8,11.6,12.1,8.2,41.1,26.2,12.8,3204,1744,1460
63,15007,2012,21.3,32.4,38.5,7.8,2.6,5.2,33.1,18,10.4,19.6,11,0,312,168,144
64,15003,2012,0,0,0,0,0,6.5,18,27.3,23.7,15.8,8.6,13.6,11789,6141,5648
65,15229,2012,1.1,9.2,35.7,54,1.6,1.2,7.6,8.5,3.4,34.5,43.2,4.1,13953,7299,6654
66,15227,2012,10.9,27.2,34.1,27.9,1.2,1.6,15.9,12.7,5.7,33,30,6.5,27772,14715,13057
67,15223,2012,3.2,24.6,32.8,39.3,2.7,8.3,30.2,18.1,6.9,17.9,16,10.5,6922,3491,3431
68,15238,2012,8.9,30.5,44.7,15.9,1.6,4.1,31.4,16.8,11.1,23,11.9,4.5,12821,6670,6151
69,15051,2012,9.5,35,46.8,8.6,0.9,5.8,44.3,23.9,12.3,9.8,2.9,5.4,523,304,219
70,15101,2012,14.1,15.5,44.3,26.2,1.4,2.7,26.9,14.7,9.4,30.3,14.6,3,25717,13225,12492
71,15044,2012,26.8,27.9,38.5,6.8,4.6,8.8,43.6,16.6,13.1,10.4,2.9,2.1,26292,13631,12661
72,15006,2012,0,0,50,50,0,2.4,45.1,11.1,4,31.6,5.9,0,215,117,98
73,15084,2012,4.5,39.1,35.6,20.7,0.1,3.3,35,19.7,12.2,19.6,10.2,10.6,9699,4823,4876
74,15089,2012,12.6,25.5,46.7,15.2,0.5,1.5,12.9,10.5,6.5,35.9,32.3,4.6,5797,2949,2848
75,15126,2012,11.1,13.9,56.9,18.1,3,4.2,31.2,19.3,10.8,21.9,9.6,2.7,6881,3523,3358
76,16059,2012,4.1,30.3,48.5,17,3,5.1,46.4,20.5,10.3,11.3,3.5,4.6,8118,4178,3940
77,16056,2012,1.8,18.3,74.8,5.1,2.2,7.5,38.1,12.8,7.9,18.8,12.7,5.4,5015,2794,2221
78,16055,2012,14.4,31.5,44,10.1,2.7,5.3,47.6,17.2,10.2,11.5,5.4,4.4,8412,4283,4129
79,15668,2012,17.1,11.7,59.5,11.7,2.2,4.7,43.3,15.8,11.2,14.8,8,2.7,13508,6856,6652
80,15642,2012,17.5,24.5,46.2,11.8,2.1,6.7,40.5,19.6,8.3,15.9,7,3.1,45361,23459,21902
81,15332,2012,10.8,17.8,61.3,10.1,0.3,8.8,48.4,12.6,11.2,10.8,7.9,5,8249,4216,4033
82,15142,2012,6.5,41,40.4,12.1,1.1,2.8,21.4,13.5,5.4,30.3,25.5,16.6,1437,781,656
83,15217,2012,9.9,26.8,34.7,28.6,1.4,5.3,26.8,15.9,8,20.7,22,5.7,27045,13799,13246
84,15071,2012,0,0,0,0,0,32.9,67.1,0,0,0,0,4.4,9850,5038,4812
85,15108,2012,22.3,51.4,25,1.4,3.6,6.9,47.8,21.7,10.8,5.2,4,7.4,39880,20395,19485
86,15086,2012,0,57.8,42.2,0,0,0,83.3,16.7,0,0,0,9.9,381,192,189
87,15005,2012,0,0,100,0,0,33.1,39.8,0,9,18.1,0,2.7,9453,4817,4636
88,15104,2012,14.5,27.7,35.3,22.5,1.6,5.5,39.7,18.9,9.1,17.5,7.7,29.4,9232,4776,4456
89,15221,2012,2.6,31.7,60.2,5.6,0.7,4.7,21.6,14.2,4.5,23.7,30.8,16.4,31147,17423,13724
90,15145,2012,11.9,19,44.6,24.5,2.7,4.1,27.8,18.5,9.5,23.1,14.3,19.1,7535,3879,3656
91,15028,2012,5.2,29.9,50.6,14.3,3.2,6.1,40.3,16.6,13.3,18.7,1.8,9.8,129,68,61
92,15139,2012,14.5,53.8,20.3,11.5,1,5.5,48.1,17.1,7,16.4,5,3.9,6323,3339,2984
93,15215,2012,15,24.9,45.4,14.7,1.5,4.1,28.2,19.7,10,23.3,13.1,6.8,12672,6390,6282
94,16046,2012,0,50,50,0,0,8.7,52.2,20,13,3.5,2.6,1.5,13694,7200,6494
95,15143,2012,6.8,33.4,32.5,27.3,2.4,7.1,44,20.1,7.8,10.8,7.6,2.7,20009,10307,9702
96,15205,2012,12.2,23.6,27.3,36.8,3.6,6.2,25.8,16.3,7.4,19.5,21.2,7.4,22312,11588,10724
97,15220,2012,17.9,31.9,37.9,12.3,2.7,5.5,29.2,20.2,9,18,15.4,4.9,17448,8625,8823
98,15031,2012,18.7,49.5,19.5,12.3,2.9,9.9,53.1,13.1,5.8,10,5.1,35.9,488,131,357
99,15102,2012,24.6,35.3,34.1,6,4.8,11,44,22.7,8.6,6.2,2.7,1.7,29736,15360,14376
100,15228,2012,8.9,40,29.4,21.7,1,5.6,31.7,16.4,9.1,24.8,11.3,4.7,17864,9226,8638
101,15216,2012,1.4,10.8,45.2,42.6,0.8,1.8,12.7,11.5,3.5,24.7,45,7.8,23194,11924,11270
102,15136,2012,19,33.5,40.3,7.2,2.6,6.8,42.1,18.9,11.2,12.4,5.9,16.8,21661,11034,10627
103,15204,2012,7,32.1,45.5,15.4,1.6,4.4,34.9,18,9.3,21.9,9.8,19,8066,4568,3498
104,15122,2012,4.6,36.8,29.3,29.3,1.1,6.6,27.7,17.9,13.1,21.5,12.1,11.3,20298,10727,9571
105,15235,2012,6.4,30.1,49,14.4,2.4,4.1,34.4,17,11,20.7,10.3,8,34208,18190,16018
106,15237,2012,8.5,27.7,37.7,26.1,1.3,3,18.7,13.4,5.9,29.3,28.5,3.1,41101,21798,19303
107,15202,2012,2.9,14.4,43.8,38.9,2.6,6,26.3,13.4,6.2,25.1,20.4,10.1,19579,10357,9222
108,15116,2012,8.7,20.7,55.6,15,2.5,6.6,40.4,19,9.8,13.4,8.3,2.3,13912,7156,6756
109,15037,2012,0,100,0,0,0,23.7,46.9,23.7,5.8,0,0,4.7,11384,5873,5511
110,15088,2012,3.6,10.3,73.7,12.4,3.5,7.6,43.5,20.4,9,10,6,15.2,775,398,377
111,15083,2012,22.3,44.2,18.4,15.2,3.2,9.1,41.7,16.7,11,13.6,4.6,13.5,821,400,421
112,15276,2012,0,0,0,0,0,0,0,0,0,0,0,0,0,0,0
113,15282,2012,0,0,0,0,0,0,0,0,0,0,0,0,0,0,0
114,16229,2012,12.1,37.9,44.8,5.2,4.8,7.8,60.1,15,8.3,1.9,2.1,7.4,5010,2460,2550
115,15076,2012,14.3,57.1,28.6,0,5.9,12.6,45.4,14.3,21.8,0,0,18.6,1074,633,441
116,15075,2012,34.1,0,65.9,0,3.9,14.5,45.8,11.5,9.3,9.3,5.7,23.1,74,28,46
117,15068,2012,7.3,24.8,55.6,12.3,0.8,4.5,36,16.1,10.7,20.7,11.1,13.4,38270,19649,18621
118,15065,2012,15.1,46.6,31.4,6.9,3.7,6.3,44.7,20.4,9.3,9.8,5.8,10.4,11823,6245,5578
119,15064,2012,24,39,26.9,10.1,0.9,5.2,48,18.3,7.3,13.6,6.8,30.3,578,334,244
120,15063,2012,0,13.8,86.2,0,4.3,4.3,58.3,8.9,4.6,16.1,3.4,7.5,11435,5969,5466
0,15226,2011,14.7,37.2,31,17,2.1,5.7,38,19.3,11.3,16.8,6.7,12.4,14132,7581,6551
1,15232,2011,14.8,51.9,11.9,21.4,3.8,18.3,40.7,17.9,6.2,7.9,5.2,16.8,11326,5656,5670
2,15233,2011,6,31,36.7,26.3,1.7,4.9,33.7,19.5,10,20.3,10,18.7,4382,1302,3080
3,15236,2011,16.7,20.4,39.7,23.2,1.2,3.8,26.1,14.1,7.1,29.1,18.8,12.3,30305,15721,14584
4,15321,2011,25,18.2,36.5,20.3,6,7.7,56.6,9.9,9.5,8,2.3,7.5,1527,894,633
5,15290,2011,17.6,35.4,41.8,5.1,4,8.7,42.8,15.8,8,14.4,6.3,0,0,0,0
6,15275,2011,0,0,0,0,0,0,0,0,0,0,0,0,0,0,0
7,15261,2011,0,0,0,0,0,0,0,0,0,0,0,0,0,0,0
8,15243,2011,0,0,0,0,0,0,0,0,0,0,0,4.9,13060,7173,5887
9,15241,2011,12.5,18,45,24.5,1.4,1.8,22.2,13.6,6.8,30.7,23.5,2,20213,10250,9963
10,15239,2011,16,22.6,41,20.3,0.9,1.5,14.4,12.7,4.7,36.5,29.3,4.6,21007,10784,10223
11,15017,2011,0,32.6,63.7,3.7,0,2,65.8,10.4,9.8,7.5,4.5,4.2,16224,8338,7886
12,15057,2011,17.5,24.6,46.1,11.7,4.3,9,43.3,19.4,8.9,11.8,3.3,3.2,13684,6927,6757
13,15120,2011,17,43.3,33.3,6.3,2.6,5.9,42.2,19.8,12.6,12,4.8,11.9,19235,10221,9014
14,15234,2011,13.7,37.1,40.5,8.6,2.3,5.2,32.8,21.2,10.8,16.9,10.8,7.1,14328,7496,6832
15,15225,2011,8.9,32.5,28.1,30.5,0.9,6.4,39.2,19.2,10.8,16.1,7.3,14.7,1103,532,571
16,15224,2011,3.9,50,38.2,7.9,2.1,9.4,51.2,16.9,9.1,8.9,2.3,23.7,10896,5940,4956
17,15222,2011,16.8,32.4,41.1,9.8,2.1,11.9,42.2,17.8,6.4,12.9,6.6,18.6,2706,1201,1505
18,15219,2011,8.5,27.8,33.7,29.9,1.3,5.3,27.8,17.4,8,26.8,13.4,42.5,16002,8000,8002
19,15218,2011,9.1,20.4,64.5,6.1,3.4,13.1,42.2,21.3,4.7,6.3,8.9,12.4,13790,7446,6344
20,15214,2011,15.7,29.5,40.3,14.5,1.9,5.2,24.1,15,6.1,23.4,24.3,22,15451,8378,7073
21,15213,2011,20.6,39.6,25.3,14.5,2.2,7.8,38.7,18.3,9.3,16.7,7,45.5,28630,14824,13806
22,15212,2011,0.8,13.9,73.3,12.1,4.2,4.9,19.9,14.9,4.4,21.7,30.1,24.6,29024,14953,14071
23,15211,2011,14.7,24.1,48.9,12.4,2.8,11.5,38.2,16.2,8,14.9,8.4,16.5,11549,5975,5574
24,15210,2011,5.3,28.6,36.6,29.4,1.9,7.2,33.5,14.4,7.2,22.4,13.5,23.5,26554,13907,12647
25,15209,2011,24.8,32,37.3,5.9,4.1,14.1,41.8,19,8.6,7.9,4.4,8.2,12912,6890,6022
26,15208,2011,12.9,42.1,28.2,16.8,0.9,9.3,37.1,14.4,9.2,19.4,9.7,22.8,9822,5669,4153
27,15207,2011,5.9,23.4,39.6,31.1,3.1,5.5,28.6,17.2,5.3,16.5,23.9,15.6,11564,6233,5331
28,15206,2011,13.1,18.4,53.1,15.3,3.9,13.8,32.6,18.1,8.8,14,8.8,19.9,29930,16497,13433
29,15203,2011,20.6,45.8,25,8.6,2.4,13.7,41.9,19.6,6.7,8.3,7.3,21.8,10529,4898,5631
30,15201,2011,9.5,35,44.7,10.8,1.4,5.9,31.6,19.8,10.5,19.9,10.9,20.7,12667,6723,5944
31,15148,2011,16,23.1,42.8,18.1,2.9,8.4,33.4,20.6,6.4,18.4,9.8,28.5,2672,1411,1261
32,15147,2011,6.7,19.2,70.2,3.8,3.3,10.5,45.1,17.3,11.7,8.2,4,10.4,17593,9607,7986
33,15146,2011,14.8,37,36.8,11.4,1.4,7.5,40.1,18.3,10.4,15.4,6.8,6.4,28332,14564,13768
34,15144,2011,13.8,43,39.3,3.8,2.9,7.4,42.8,18,11.3,11.2,6.5,10.9,4056,2124,1932
35,15140,2011,0,0,25.8,74.2,0,0,20.3,12.5,8.6,33.4,25.1,12.2,3316,1708,1608
36,15137,2011,3.5,32,32.2,32.2,2.7,4.2,29.4,13.7,7.3,27.5,15.3,14.1,10129,5177,4952
37,15135,2011,15,37.1,37.7,10.2,2.5,8.2,42.3,17.2,8,15.4,6.5,3.7,5305,2759,2546
38,15133,2011,6.8,29.9,54.8,8.5,1.4,4.5,40.5,19.9,9.7,14.8,9.1,6.8,6476,3508,2968
39,15132,2011,6.9,39,48.2,5.9,2,5.3,51.7,18.8,9.3,9.5,3.3,28,21916,11696,10220
40,15131,2011,20.1,43.3,34.5,2.1,3.8,12,46.3,18.7,8.6,6.6,4,4.4,8324,4485,3839
41,15129,2011,3.7,25.2,61.4,9.8,1.7,5.3,37.4,21,10.7,16.6,7.3,6.5,10839,5663,5176
42,15112,2011,9.1,39.6,32.9,18.4,1.3,4.2,32.9,17.5,9.1,23.7,11.3,22.3,3437,1795,1642
43,15110,2011,7.1,49.7,35.1,8.1,1.7,5.4,39.1,22.8,10.5,14.9,5.6,37.8,5717,3318,2399
44,15106,2011,10.7,17.3,50.8,21.2,2.5,3,29.1,18.6,9.1,25.6,12.1,13.7,18711,9599,9112
45,15090,2011,8.7,25.8,37.7,27.9,1.2,2.3,27.5,14.5,9,27.5,18,2.1,20585,10095,10490
46,15085,2011,0,100,0,0,0,0,29.9,21.3,11.2,25,12.7,7.7,7540,3827,3713
47,15082,2011,6.3,38.1,47.6,7.9,4.7,6.3,46,20.4,8.8,9.5,4.3,13.8,167,96,71
48,15056,2011,19.6,39.9,26.1,14.4,1.7,5.2,37.9,16.8,8.9,20.9,8.7,5.5,1104,608,496
49,15049,2011,8,31.3,55.7,5,3.9,2.8,42.7,21.3,13.5,12.1,3.7,8.5,901,490,411
50,15047,2011,0,45.7,28.6,25.7,4,12.3,41.7,10.5,7.3,15.7,8.5,0,0,0,0
51,15046,2011,0,0,0,0,0,0,0,0,0,0,0,10.3,2597,1338,1259
52,15045,2011,16.9,54.2,26.6,2.3,2.5,3.8,39,13.9,12.6,17.1,11.1,13.1,4502,2254,2248
53,15035,2011,17.6,34.6,35.1,12.6,1.5,5.4,46.2,15.9,10.7,14,6.3,9.4,2238,1240,998
54,15030,2011,0,0,100,0,11.8,5.5,52.5,7.1,7.6,15.5,0,20.1,1009,531,478
55,15034,2011,9.8,74,16.3,0,1.1,10.1,43.5,20.2,7.8,11.1,6.3,5.2,1948,971,977
56,15026,2011,7,20.2,69.3,3.5,1.8,8.4,47.9,18.9,9.3,9.1,4.5,4.5,3118,1687,1431
57,15025,2011,4.8,43.5,43.5,8.3,0.9,7.1,43.2,18.3,8.1,13.5,8.7,13.9,15745,8441,7304
58,15024,2011,20.3,28.4,42.9,8.4,1.9,7.1,39.4,15.2,10.7,15.3,10.4,8.4,8712,4595,4117
59,15020,2011,15,43.3,29.6,12.1,3.6,10.8,47.6,16.7,7.2,10,4.1,12.6,175,90,85
60,15018,2011,10.8,3.1,59.2,26.9,1.9,8.9,46.8,14.6,7.8,12.8,7.2,7.1,835,427,408
61,15015,2011,6.3,50.2,30.6,12.9,2.7,4.9,29.1,14.6,8.3,26.2,14.3,3.6,1183,626,557
62,15014,2011,9.7,19.4,38.7,32.3,0,0.3,12.9,15.4,6.9,39.6,24.8,13.4,3218,1745,1473
63,15007,2011,20.3,32.9,37.3,9.5,2.4,5.3,32.7,19,10,19.4,11.3,0,392,214,178
64,15003,2011,0,0,0,0,0,9.6,17.4,11.3,27,22.6,12.2,19.8,12170,6169,6001
65,15229,2011,1.2,12.2,27.9,58.8,2.1,1.7,6.4,8.1,3.1,32.5,46.1,5.8,13906,7268,6638
66,15227,2011,7.6,30.5,43,18.9,0.7,1.7,14.8,13.3,6.2,34.7,28.6,10.4,27761,14384,13377
67,15223,2011,0.7,27.8,40.1,31.3,3.7,9.7,30.7,17.6,8.2,15.7,14.3,12.5,6824,3465,3359
68,15238,2011,10.2,29,40.9,19.9,1.9,4.6,32.3,18,10.8,21.9,10.6,4.4,12544,6410,6134
69,15051,2011,7.5,41.6,36.7,14.2,2,6.6,38.8,27.5,11.2,10.1,3.9,7.8,485,259,226
70,15101,2011,11.5,19.7,44.6,24.2,1.5,2.6,27.7,15.4,9.2,30.3,13.3,5,25632,13214,12418
71,15044,2011,29.8,34,32.7,3.5,5.5,9.8,45.8,13.2,12.6,10,3.1,2.3,26127,13458,12669
72,15006,2011,0,32.4,35.1,32.4,0,3,33.8,13.4,14.9,26.4,8.6,0,213,105,108
73,15084,2011,15.8,35.3,33.9,14.9,0.6,2.8,34.7,20.8,10.8,19.2,11.1,13.7,9439,4756,4683
74,15089,2011,10.5,21.2,55.2,13.1,0.7,1.4,13,10.8,4.7,35.1,34.2,9.6,6134,3104,3030
75,15126,2011,7.9,22.4,54.1,15.6,3,4.6,32.4,16.5,10.2,23.1,10.2,4.2,6915,3538,3377
76,16059,2011,7.5,31.5,44.2,16.9,2.9,7.3,49.7,19.4,8.2,9.6,2.9,9.4,8041,4185,3856
77,16056,2011,1.9,17.4,75.3,5.3,1.9,8,37.7,13,7.8,19.1,12.4,9.7,4999,2818,2181
78,16055,2011,8,42.5,42.3,7.2,2.6,6,47,17,8.9,12.8,5.8,5,8291,4185,4106
79,15668,2011,14.3,13.8,65.5,6.4,1.8,6.4,43.6,17.3,13.7,10.9,6.3,3.4,13121,6669,6452
80,15642,2011,16.1,27.4,45.8,10.7,2.8,5.9,40.6,18.6,9.7,16.2,6.1,4.7,45590,23429,22161
81,15332,2011,8.6,18.4,62.5,10.5,2.9,7.2,46.2,11.7,11.2,13.6,7.3,9.6,8452,4197,4255
82,15142,2011,8.6,32.1,45.6,13.7,1.4,3.1,21.4,13.6,5,29.4,25.9,8.8,1120,547,573
83,15217,2011,11.6,32.4,34.7,21.3,2.2,5.9,26.5,16.2,7.7,20.9,20.6,12,27402,13681,13721
84,15071,2011,0,0,0,0,0,50.9,49.1,0,0,0,0,6.4,9567,4845,4722
85,15108,2011,15.6,57.6,26.8,0,3.7,7.9,51.5,17.2,8.9,6.4,4.4,9.3,39373,20071,19302
86,15086,2011,0,0,100,0,0,0,78,22,0,0,0,5.1,390,182,208
87,15005,2011,0,0,100,0,0,36.7,38,0,7.3,18,0,6.8,9323,4862,4461
88,15104,2011,12.4,28.2,35.2,24.1,2.5,6.7,37,19.2,8.4,19,7.2,31.9,9326,4831,4495
89,15221,2011,2.7,33.1,54.6,9.6,1.1,4.7,23.4,11.6,4.3,24.8,30.1,20.8,31323,17517,13806
90,15145,2011,15.3,20.8,46.3,17.6,2.3,4,27.5,17.5,9.6,25.2,14.1,15.8,7516,3881,3635
91,15028,2011,0,22.4,57.1,20.4,2.5,6.8,45.9,16.1,9.4,18,1.4,10.6,94,54,40
92,15139,2011,10.7,45.6,26.9,16.8,1.5,6.9,48.3,16.9,9.3,13.1,3.9,4.9,6346,3367,2979
93,15215,2011,9.3,24,50.1,16.6,1.5,4.8,28.6,17.5,9.4,24.9,13.2,10.5,12718,6444,6274
94,16046,2011,0,61.9,38.1,0,5.9,11.8,49,10.8,11.8,10.8,0,2.7,13251,6907,6344
95,15143,2011,15,30.6,30,24.4,3,5.7,44.7,19.7,10.7,8.7,7.4,4.4,19276,10060,9216
96,15205,2011,12.7,23.1,27.7,36.4,4,6.1,24.3,16.7,7.6,18.6,22.6,9.7,22479,11583,10896
97,15220,2011,15.2,34.6,37,13.2,2.6,5.8,29.5,19.4,9.6,17.6,15.4,7.2,17364,8893,8471
98,15031,2011,15.1,50.4,23.1,11.4,4.4,11,53.4,10.8,7.4,9.6,3.3,42.4,314,145,169
99,15102,2011,25.7,32.8,33.1,8.4,4.8,12.3,41.7,23.3,9.2,6.4,2.4,2.4,29638,15138,14500
100,15228,2011,8.4,38,28.6,25,1.2,5.5,33.3,17.6,9.2,22.7,10.5,7,17668,9139,8529
101,15216,2011,1.7,17.7,45.2,35.5,1,2.7,12.5,10.6,3.4,26,43.7,9.1,23442,12033,11409
102,15136,2011,18.1,20.9,57.2,3.8,2.3,8.3,41.7,19.6,9.5,14,4.5,18.4,21764,11521,10243
103,15204,2011,11.7,29.7,40.4,18.1,1.4,5.6,35.6,16.9,8.5,21.3,10.7,21.4,7683,4325,3358
104,15122,2011,0,43.5,30,26.5,1.6,5,25.6,19.1,11.7,22.6,14.5,12.5,20340,10919,9421
105,15235,2011,6.5,29,49.4,15.1,2.3,4.5,33.9,18.9,10,20,10.3,10.1,34836,18410,16426
106,15237,2011,6.9,28.6,38.2,26.3,1.2,2.8,19.8,11.9,6.2,29.2,29,5.1,40750,21455,19295
107,15202,2011,2.4,13.7,47.5,36.4,3.4,6.6,23.2,14.3,6.2,26,20.3,11.8,19762,10343,9419
108,15116,2011,11.3,20.3,50.1,18.3,2.3,6.6,39.5,18.7,10.2,14.5,8.2,3.9,14022,7304,6718
109,15037,2011,0,100,0,0,0,29.3,63.1,0,7.6,0,0,8,11089,5986,5103
110,15088,2011,0,11.2,74.3,14.5,3.9,7.6,45.1,17.7,8.6,11.5,5.6,25.3,809,418,391
111,15083,2011,30.7,32.2,26.7,10.3,3.7,10.1,42.5,17.1,10.9,10.5,5.1,12.9,912,463,449
112,15276,2011,0,0,0,0,0,0,0,0,0,0,0,0,0,0,0
113,15282,2011,0,0,0,0,0,0,0,0,0,0,0,0,0,0,0
114,16229,2011,13.5,36.5,46.2,3.8,5.1,7.6,62.9,13.8,8.1,1.7,0.8,6.6,5085,2531,2554
115,15076,2011,33.3,27.8,11.1,27.8,0.9,9.1,63.6,8.2,14.5,3.6,0,18.3,1084,622,462
116,15075,2011,44.1,13.5,42.3,0,5.3,1.9,59.8,11.1,11.1,6.8,4,43.8,48,23,25
117,15068,2011,4.1,24,60.8,11.2,0.6,3.8,36.9,17.5,9.7,19,12.5,16.2,38120,19667,18453
118,15065,2011,15,44.8,31.8,8.4,4.1,6.9,44.6,19,9.5,11,4.9,14.6,11742,6269,5473
119,15064,2011,22.6,32.9,31.6,12.9,1.1,5.8,48,16.7,9,13.2,6.1,31.5,466,237,229
120,15063,2011,0,13.3,86.7,0,6.7,7.9,55.9,13,0,12.7,3.8,11.2,11327,5964,5363
